Source.Country,Event.Date,affinity,GDP.growth.(annual.%).[NY.GDP.MKTP.KD.ZG],GDP.per.capita.growth.(annual.%).[NY.GDP.PCAP.KD.ZG],"Current.health.expenditure.per.capita,.PPP.(current.international.$).[SH.XPD.CHEX.PP.CD]",Current.health.expenditure.(%.of.GDP).[SH.XPD.CHEX.GD.ZS],"GDP.per.capita,.PPP.(constant.2017.international.$).[NY.GDP.PCAP.PP.KD]","GDP,.PPP.(constant.2017.international.$).[NY.GDP.MKTP.PP.KD]","Government.expenditure.on.education,.total.(%.of.government.expenditure).[SE.XPD.TOTL.GB.ZS]",Total.natural.resources.rents.(%.of.GDP).[NY.GDP.TOTL.RT.ZS],Proportion.of.seats.held.by.women.in.national.parliaments.(%).[SG.GEN.PARL.ZS],Women.Business.and.the.Law.Index.Score.(scale.1-100).[SG.LAW.INDX],"Life.expectancy.at.birth,.total.(years).[SP.DYN.LE00.IN]","Mortality.rate,.infant.(per.1,000.live.births).[SP.DYN.IMRT.IN]",Research.and.development.expenditure.(%.of.GDP).[GB.XPD.RSDV.GD.ZS],High-technology.exports.(%.of.manufactured.exports).[TX.VAL.TECH.MF.ZS],Individuals.using.the.Internet.(%.of.population).[IT.NET.USER.ZS],ICT.goods.exports.(%.of.total.goods.exports).[TX.VAL.ICTG.ZS.UN],ICT.goods.imports.(%.total.goods.imports).[TM.VAL.ICTG.ZS.UN],"ICT.service.exports.(%.of.service.exports,.BoP).[BX.GSR.CCIS.ZS]",Gini.index.[SI.POV.GINI],Ease.of.doing.business.score.(0.=.lowest.performance.to.100.=.best.performance).[IC.BUS.DFRN.XQ],Military.expenditure.(%.of.general.government.expenditure).[MS.MIL.XPND.ZS],Goods.Value.of.Trade.Balance.US.Dollars,Total.Score,Political.Rights,Civil.Liberties
Afghanistan,2015,0.2201273885350318,1.45,-1.67,211.59,10.11,2108.71,71176481723.29,12.51,0.51,27.71,28.75,62.66,53,0.04,5.62,8.26,0.01,0.16,9.79,35,39.26,3.83,-248823831,8,1,7
Afghanistan,2016,-0.4531187122736419,2.26,-0.35,234.14,11.82,2101.42,72785293847.67,13.09,0.63,27.71,38.13,63.14,51.1,0.04,5.62,11,0.01,0.26,14.93,32.4,38.94,3.68,-72120748,8,1,7
Afghanistan,2017,-0.17396449704142017,2.65,-0.25,259.79,12.62,2096.09,74711922906.37,12.03,0.72,27.71,38.13,63.02,49.4,0.04,6.02,13.5,0.01,0.26,15.66,31.3,37.13,3.65,-58159723,8,1,7
Afghanistan,2018,1.0489285714285714,1.19,-1.69,294.31,14.13,2060.7,75600418108.83,11.7,0.89,27.87,38.13,63.08,47.8,0.12,5.62,16.8,0,0.19,9.98,42.8,44.2,3.72,-53275504,8,1,7
Afghanistan,2019,2.0125301204819275,3.91,0.93,285.56,13.24,2079.92,78557606648.67,11.34,0.69,27.87,38.13,63.57,46.3,0.2,4.86,17.6,0.01,2.07,8.24,44.1,44.06,4.28,-46729143,8,1,7
Algeria,2015,3.0714285714285716,3.7,1.65,838.51,6.98,11751.63,464696677723.63,15.2,15.88,31.6,55,75.62,21.7,0.22,0.23,38.2,0,5.38,4.98,40.6,44.25,13.69,-389898517,32,10,22
Algeria,2016,2.4862745098039216,3.2,1.16,768.08,6.61,11888.32,479566971411.09,16.11,12,31.6,57.5,75.73,21.4,0.21,0.49,42.95,0.02,5.18,5.62,40,46.11,15.32,553537188,32,10,22
Algeria,2017,0.08124999999999999,1.3,-0.66,737.04,6.28,11809.48,485801342039.05,17.56,14.29,25.76,57.5,75.74,21,0.53,0.96,47.69,0.03,4.87,5.06,38,46.23,15.36,3195858266,32,10,22
Algeria,2018,1.775,1.2,-0.71,734.99,6.16,11725.88,491630958145.9,13.77,18.48,25.76,57.5,76.07,20.6,0.04,3.89,49.04,0.03,4.87,4.05,38.6,48.5,14.46,3655873506,32,10,22
Algeria,2019,2.9545454545454546,1,-0.84,750.45,6.24,11627.28,496547267726.09,14.46,16.34,25.76,57.5,76.47,20.1,0.04,4.45,57.9,0.03,4.96,2.8,41.6,48.6,15.89,2433262425,32,10,22
Argentina,2015,0.4610526315789473,2.73,1.63,2059.33,10.23,23933.89,1032315583600.75,13.96,1.09,26.67,73.13,76.76,10.3,0.62,9.23,68.04,0.12,9.51,11.15,42,56.73,2.06,-4268166320,85,35,50
Argentina,2016,2.4212121212121214,-2.08,-3.11,1831.54,9,23189.53,1010840035079.44,13.36,0.94,35.8,73.13,76.31,9.8,0.56,8.98,70.97,0.09,8.44,12.17,42,57.24,1.95,-2522737000,85,35,50
Argentina,2017,1.897029702970297,2.82,1.76,2470.11,10.44,23597.12,1039330591568.54,13.26,1.12,38.13,73.13,76.83,9.1,0.56,9.21,74.29,0.11,8.69,14.37,41.1,57.31,2.06,-3140685000,85,35,50
Argentina,2018,2.4995726495726496,-2.62,-3.6,2260.4,9.67,22747.24,1012127189427.81,12.52,2.1,38.91,76.25,77,8.4,0.49,5.4,77.7,0.06,7.57,14.6,41.3,58.18,1.88,-3485635000,85,35,50
Argentina,2019,2.194782608695652,-2,-2.97,2198.88,9.51,22071.75,991875931195.23,12.53,2.19,40.16,76.25,77.28,7.6,0.46,5.21,79.9,0.07,8.1,14.12,42.9,58.96,1.84,-2190118000,85,35,50
Armenia,2015,1.9830188679245282,3.2,3.61,1008.7,10.12,11506.04,33121226305.49,10.66,0.76,10.69,82.5,74.44,12.9,0.25,5.65,59.1,0.15,3.19,8.62,32.4,69.14,16.1,-53904519,54,23,31
Armenia,2016,2.4354430379746836,0.2,0.65,1065.28,9.95,11580.38,33187468758.04,10.2,0.22,10.69,82.5,74.66,12.2,0.23,6.14,64.35,0.18,4.9,10.35,32.5,70.63,15.12,-44316063,54,23,31
Armenia,2017,2.2185185185185183,7.5,8.02,1255.46,10.36,12509.64,35676528915.44,10.4,0.25,18.1,82.5,74.91,11.6,0.23,7.55,64.74,0.19,4.13,10.46,33.6,71.49,14.79,-67258593,54,23,31
Armenia,2018,2.5903225806451613,5.2,5.77,1303.19,10.01,13231.43,37531708418.92,8.99,1.09,18.1,85,75.06,11.1,0.19,7.06,68.25,0.32,5.4,10.71,34.4,73.19,17.13,-130713959,54,23,31
Armenia,2019,2.8415384615384616,7.6,8.21,1616.18,11.34,14317.55,40384118258.2,10.01,2.2,23.48,85,75.44,10.5,0.18,9.79,66.54,0.28,5.21,10.75,30,74.49,19.23,-473154,54,23,31
Australia,2015,0.7592991913746631,2.15,0.69,4392.07,9.33,47567.68,1132871644781.43,14.09,3.28,26.67,96.88,82.4,3.3,1.92,19.69,84.56,1.4,9.99,4.17,33.3,80.38,5.22,-13690953527,95,38,57
Australia,2016,1.3118666666666667,2.73,1.14,4632.32,9.25,48109.2,1163805248731.07,13.8,4.06,28.67,96.88,82.45,3.2,2.04,20.61,86.54,1.31,10,4.23,33.7,80.22,5.59,-11792358627,95,38,57
Australia,2017,1.6942937324602432,2.28,0.6,4715.83,9.27,48400.25,1190365421747.98,13.6,5.06,28.67,96.88,82.5,3.2,1.88,18.09,86.55,1.06,9.54,4.21,33.3,80.76,5.44,-15506224485,95,38,57
Australia,2018,1.5712121212121213,2.88,1.35,4876.28,9.16,49052.82,1224684193991.24,13.48,5.47,28.67,96.88,82.75,3.2,1.7,18.18,87.6,1,10.36,4.74,34.3,80.71,5.13,-15133379633,95,38,57
Australia,2019,1.2773622047244095,2.17,0.67,5294.46,9.91,49379.09,1251276940341.42,12.85,5.81,30.46,96.88,82.9,3.2,1.83,21.31,88.6,1.1,10.35,5.06,32.8,81.22,4.82,-16462436648,95,38,57
Austria,2015,2.492436974789916,1.01,-0.11,5204.62,10.37,52873.86,456972845319.88,10.69,0.13,30.6,94.38,81.19,3,3.05,15.03,83.94,4.12,5.41,9.41,30.5,78.82,1.37,5719329903,93,37,56
Austria,2016,0.6081632653061224,1.99,0.89,5476.68,10.35,53345.74,466064032926.32,10.94,0.11,30.6,94.38,81.64,3,3.12,14.45,84.32,3.79,5.4,9.44,30.8,78.86,1.46,5880240143,93,37,56
Austria,2017,0.8214285714285714,2.26,1.55,5641.18,10.38,54172.99,476590426691.82,10.9,0.13,34.43,94.38,81.64,2.9,3.06,12.88,87.94,3.48,5.23,9.73,29.7,78.71,1.54,6258564175,93,37,56
Austria,2018,1.944736842105263,2.43,1.93,5898.35,10.32,55217.29,488149581132.16,10.72,0.14,34.43,94.38,81.69,2.9,3.09,11.65,87.48,3.41,5.26,10.22,30.8,78.74,1.53,7129956737,93,37,56
Austria,2019,0.6173913043478261,1.52,1.07,6134.13,10.43,55806.44,495556707144.38,10.73,0.11,39.34,94.38,81.9,2.9,3.13,11.48,87.75,3.13,5.23,11.1,30.2,78.75,1.5,5598394126,93,37,56
Azerbaijan,2015,1.4768518518518519,1.09,-0.1,615.16,4.11,14852.61,143317915111.38,7.63,14.52,16.94,78.75,71.45,23.3,0.22,3.9,77,0.02,2.84,1.95,25.6,65.76,14.13,-509685000,9,2,7
Azerbaijan,2016,1.8027210884353742,-3.1,-4.18,581.39,4.04,14232.19,138875059914.37,8.2,15.33,16.8,78.75,72,21.8,0.21,2.81,78.2,0.02,2.74,1.67,25.6,64.56,10.42,-390955400,9,2,7
Azerbaijan,2017,2.1703125,0.2,-0.78,528.12,3.74,14121.41,139152809949.43,6.97,20.97,16.8,78.75,72.25,20.4,0.18,3.3,79,0.02,3.75,1.41,27.2,67.14,10.58,-659402700,9,2,7
Azerbaijan,2018,2.512037037037037,1.5,0.62,517.13,3.56,14209.59,141240102098.67,7.41,29.35,16.8,78.75,72.76,19.2,0.18,4.35,79.8,0.02,4.57,1.68,27.2,73.9,10.71,-195710300,9,2,7
Azerbaijan,2019,1.874074074074074,2.5,1.64,605.93,4.04,14442.04,144771104746.39,8.29,25.48,16.81,78.75,73.1,18.2,0.2,4.95,81.1,0.02,3.95,1.55,27.5,78.51,11.9,-743625200,9,2,7
Bahrain,2015,2.413793103448276,2.49,-1.35,2272.86,4.99,48453.73,66000855034.95,7.33,12.25,7.5,35,79.41,6.4,0.18,0.94,93.48,4.03,4.62,6.42,25.6,66.64,12.72,-484845351,12,2,10
Bahrain,2016,-1.6411764705882352,3.56,0.07,2176,4.86,48486.3,68349250016.71,9.85,8.77,7.5,37.5,79.56,6.3,0.21,1.06,98,2.17,4.81,5.5,27.2,68.71,13.35,-400060717,12,2,10
Bahrain,2017,1.4148148148148147,4.29,0.91,2262.75,4.74,48929.45,71282082008.27,10.79,10.16,7.5,37.5,79.69,6.2,0.2,0.62,95.88,0.56,3.94,6.69,25.4,69.09,13.43,-28117060,12,2,10
Bahrain,2018,3.1999999999999997,2.11,0.02,1962.29,4.14,48937.66,72786939763.37,9.89,13.04,15,40,79.86,6.1,0.18,0.45,98.64,0.39,4.19,7.36,27.2,70.14,12.04,-522534336,12,2,10
Bahrain,2019,2.2901960784313724,2.17,1.7,1880.58,4.01,49768.98,74364207031.56,8.49,11.31,15,46.25,80.02,6.1,0.44,4.45,99.7,0.56,4.19,6.42,25.4,76.03,12.33,-51022053,12,2,10
Bangladesh,2015,-3.1047169811320754,6.55,5.29,93.85,2.64,4337.39,684569616926.99,12.04,0.92,20,49.38,70.49,31,0.2,0.31,12.9,0.05,3.06,14.9,32.4,40.91,10.51,3224748560,40,15,25
Bangladesh,2016,0.46734693877551015,7.11,5.8,95.18,2.47,4589.09,733266327481.64,13.98,0.59,20,49.38,71.09,29.5,0.04,7.03,18.1,0.95,4.9,17.61,32.4,41.02,10.92,3101036913,40,15,25
Bangladesh,2017,-2.93125,6.59,5.27,101.18,2.43,4830.78,781590411613.4,13.85,0.56,20.29,49.38,71.79,28.1,0.04,7.03,19.8,0.38,3.95,13.64,32.4,41.56,9.78,2404476308,40,15,25
Bangladesh,2018,-0.9370370370370371,7.32,6.08,114.09,2.51,5124.5,838798238917,11.96,0.6,20.29,49.38,72.57,26.7,0.04,3.89,21.8,0.38,3.82,10.79,32.4,42.47,9.46,2451357874,40,15,25
Bangladesh,2019,1.1345679012345677,7.88,6.69,123.29,2.48,5467.21,904911604398.01,11.33,0.41,20.63,49.38,72.81,25.3,0.04,7.03,23.8,0.42,3.81,8.23,32.4,45.05,9.37,2660520599,40,15,25
Belarus,2015,3.3941176470588235,-3.83,-3.96,1100.08,6.07,18362.75,173731331560.25,11.46,1.17,27.27,75.63,73.62,3.1,0.5,4.47,62.23,0.52,2.88,15.02,25.6,68.73,30.11,-324523500,8,2,6
Belarus,2016,1.5333333333333334,-2.53,-2.61,1053.89,5.91,17883.13,169342102526.66,12.16,1.27,34.55,75.63,73.83,2.9,0.5,4.87,71.11,0.62,3.25,16.85,25.3,72.62,30.81,-384650400,8,2,6
Belarus,2017,1.4388888888888889,2.53,2.64,1058.24,5.76,18356.1,173630155305.79,12.28,1.62,34.55,75.63,74.13,2.7,0.58,4.39,74.44,0.7,3.27,18.42,25.4,73.58,29.36,-153746600,8,2,6
Belarus,2018,2.8,3.15,3.37,1072.71,5.53,18974.7,179098111978.7,13.26,1.99,34.55,75.63,74.18,2.5,0.6,4.05,79.13,0.75,3.61,21.01,25.2,74.35,31.24,-166772400,8,2,6
Belarus,2019,2.8182692307692307,1.4,1.6,1198.62,5.86,19279.21,181605485546.4,13.33,1.73,40,75.63,74.23,2.4,0.58,4.25,82.79,0.81,3.7,25.02,25.3,74.29,32.15,-470574300,8,2,6
Belgium,2015,1.8518518518518519,2.04,1.45,4834.89,10.43,49456.4,557581131065.09,12.01,0.02,39.33,100,80.99,3.4,2.43,12.33,85.05,2.18,3.84,9.99,27.7,72.43,1.69,-8618468178,96,39,57
Belgium,2016,1.581875,1.27,0.76,5244.89,10.77,49829.93,564643935471.56,12.16,0.02,39.33,100,81.44,3.3,2.52,13.33,86.52,2.02,3.62,10.13,27.6,72.41,1.68,-6985048537,96,39,57
Belgium,2017,1.9694444444444443,1.62,1.23,5450.48,10.78,50442.27,573788797293.57,12.35,0.02,38,100,81.49,3.4,2.67,11.49,87.68,1.95,3.46,10.74,27.4,72.18,1.7,-7998548392,96,39,57
Belgium,2018,2.649206349206349,1.79,1.33,5683.12,10.76,51113.48,584076515952.73,12.22,0.02,38,100,81.6,3.4,2.86,11.71,88.65,1.77,3.22,11.45,27.2,74.75,1.71,-6927807134,96,39,57
Belgium,2019,2.146969696969697,2.24,1.69,5846.9,10.66,51977.19,597164842690.78,12.23,0.02,42,100,82,3.4,3.16,14.14,90.28,2.17,4.11,11.36,27.2,74.99,1.71,-5116449515,96,39,57
Bolivia,2015,-0.21911764705882353,4.86,3.22,467.31,6.55,7825.77,86788418466.23,16.34,3.83,53.08,88.75,67.32,25.6,0.14,6.4,37.49,0.05,4.34,6.45,46.7,49.76,3.95,14359897,66,27,39
Bolivia,2016,-0.8914285714285715,4.26,2.66,512.48,6.83,8034.17,90489007925.77,17.64,3.33,53.08,88.75,67.63,24.5,0.14,4.46,39.7,0.07,4.28,5.53,45.2,50.23,3.83,126062429,66,27,39
Bolivia,2017,-1.741509433962264,4.2,2.62,546.71,6.49,8244.93,94285208488.04,18.02,5.29,53.08,88.75,67.7,23.5,0.18,5.87,43.83,0.11,4.11,4.92,44.6,50.98,3.98,-131223969,66,27,39
Bolivia,2018,-0.5631578947368421,4.22,2.68,588.91,6.64,8466.29,98267460721.31,19.01,5.07,53.08,88.75,67.75,22.6,0.14,5.05,44.29,0.08,4.29,5.86,42.6,51.56,4.04,-167217333,66,27,39
Bolivia,2019,0.5333333333333333,2.22,0.74,630.76,6.92,8528.75,100445761200.53,13.52,3.36,53.08,88.75,67.84,21.7,0.17,3.45,47.47,0.04,4.47,3.04,41.6,51.66,4.02,-182756394,66,27,39
Brazil,2015,1.6274193548387097,-3.55,-4.36,1313.6,8.91,15011.58,3080198578728.19,16.22,2.39,9.94,81.88,74.33,14.3,1.37,14.49,58.33,0.46,8.22,4.65,51.9,55.62,3.55,-4149376198,72,30,42
Brazil,2016,1.4606796116504854,-3.28,-4.06,1307.15,9.17,14402.49,2979293832693.14,15.93,2.4,9.94,81.88,74.44,15.1,1.29,16,60.87,0.4,8.21,5.42,53.3,55.22,3.4,-2310664382,72,30,42
Brazil,2017,2.0126760563380284,1.32,0.52,1375.66,9.47,14477.86,3018705988834.88,16.5,2.85,10.72,81.88,74.83,13.8,1.12,14.31,67.47,0.36,9.57,6.34,53.3,55.62,3.69,497838558,72,30,42
Brazil,2018,1.6863013698630136,1.78,0.98,1438.77,9.46,14619.59,3072549644189.18,16.15,3.76,15.01,81.88,75.11,13.5,1.17,14.74,70.43,0.36,8.66,7.4,53.9,58.59,3.9,-2010424533,72,30,42
Brazil,2019,1.8391596638655463,1.22,0.45,1497.81,9.59,14685.13,3110058648864.8,15.96,3.51,15.01,81.88,75.34,13.4,1.21,14.07,73.91,0.35,8.69,7.51,53.5,59.08,3.7,-2694678207,72,30,42
Bulgaria,2015,2.075903614457831,3.43,4.09,1354.83,7.41,19988.25,143475465572.32,9.71,0.66,20.42,90.63,74.61,6.8,0.95,8.43,56.66,2.9,5.15,10.69,38.6,72.46,3.34,137817891,79,33,46
Bulgaria,2016,1.8071428571428572,3.04,3.77,1491.41,7.48,20740.82,147836869040.09,9.73,0.52,20.42,90.63,74.81,6.4,0.77,8.98,59.83,2.85,5.37,12.15,40.6,71.59,3.8,160746105,79,33,46
Bulgaria,2017,2.1,2.76,3.52,1607.71,7.52,21469.97,151920376104.31,12.73,0.75,23.75,90.63,74.81,6.1,0.74,9.63,63.41,2.75,4.94,12.32,40.4,71.69,3.82,200743671,79,33,46
Bulgaria,2018,1.675,2.68,3.43,1729.4,7.34,22206.16,155999074485.49,11.79,0.67,23.75,90.63,74.96,5.8,0.75,10.37,64.78,3.25,5.05,13.58,41.3,71.81,4.22,290593316,79,33,46
Bulgaria,2019,2.6176470588235294,4.04,4.77,1797.51,7.13,23266.07,162298538952.83,11.71,0.58,25.83,90.63,75.11,5.6,0.83,10.85,67.95,3.21,5.24,16.15,40.3,71.97,8.74,273180143,79,33,46
Cambodia,2015,1.3296296296296295,6.97,5.53,209.91,6.19,3565.25,54967247822.21,15.32,1.82,20.33,75,69.87,27.3,0.12,1.54,18,2.18,2.51,2.19,40.6,52.87,8.89,1907294699,24,5,19
Cambodia,2016,1.0234375,6.93,5.52,224.78,6.12,3761.91,58778299696.08,15.12,1.85,20.33,75,70.22,26,0.21,1.86,32.4,1.9,2.24,1.83,40,53.16,9.04,1973505143,24,5,19
Cambodia,2017,-0.03289473684210527,7,5.6,224.81,5.73,3972.72,62890960721.93,15.94,1.94,20.33,75,70.52,24.9,0.24,1.74,32.9,1.45,1.62,1.44,44.3,53.39,9.25,2211547023,24,5,19
Cambodia,2018,-0.9772727272727273,7.47,6.16,261.77,6.18,4217.62,67588392994.16,16.86,0.88,20,75,70.56,23.9,0.12,1.41,32.4,1.43,1.11,1.2,38.6,53.8,9.58,2778065160,24,5,19
Cambodia,2019,-0.3967741935483871,7.05,5.85,316.05,6.99,4464.29,72356150509.81,18.94,0.68,20,75,70.69,23,0.12,1.19,32.4,0.99,1.42,1.43,48.9,53.84,9.22,4095929840,24,5,19
Cameroon,2015,2.6043478260869564,5.67,2.39,122.23,3.75,3614.76,83185093670.74,13.24,5.86,31.11,50.63,59.66,57.1,0.22,4.86,18.3,0.03,3.4,6.32,35,41.89,5.48,-142422264,15,6,9
Cameroon,2016,2.364705882352941,4.54,1.45,126.99,3.73,3667.32,86958198354.42,12.69,5.47,31.11,50.63,60.23,55.3,0.24,5.62,20.6,0.03,7.6,7.22,35,41.77,5.68,-78707101,15,6,9
Cameroon,2017,0.8909090909090909,3.54,0.65,124.13,3.49,3691.09,90037541682.2,15.91,6.4,31.11,60,60.81,53.2,0.24,6.02,23.2,0.05,3.39,6.79,42.7,45.05,5.92,-107821656,15,6,9
Cameroon,2018,-1.2714285714285716,3.96,1.12,127.91,3.47,3732.5,93598989465.12,16.88,6.5,31.11,60,61.18,51.5,0.04,7.03,29.7,0.05,3.39,6.8,42.7,46,5.99,-131924901,15,6,9
Cameroon,2019,-0.3454545454545455,3.48,0.64,136.24,3.6,3756.51,96851610488.44,14.09,6.02,31.11,60,61.58,50.1,0.04,6.02,33.5,0.03,3.39,6.32,42.7,46.1,5.7,-72688936,15,6,9
Canada,2015,1.3925465838509317,0.66,-0.09,4751.44,10.73,47522.14,1696678616208.21,12.35,0.34,26.04,97.5,81.9,4.7,1.69,14.83,90,2.14,7.12,8.6,33.7,79.76,2.88,76738968360,98,40,58
Canada,2016,1.651010101010101,1,-0.14,5084.13,11.02,47457.59,1713669061092.82,12.04,0.78,26.04,97.5,81.9,4.7,1.73,14.1,91.16,2.12,7.08,8.21,32.7,79.54,2.86,74773797299,98,40,58
Canada,2017,1.4295663600525623,3.04,1.81,5208.72,10.84,48317.17,1765762548007.76,12.17,1.23,26.27,97.5,81.9,4.6,1.69,14.35,92.7,1.95,7.23,8.5,33.3,79.3,3.34,84415402746,98,40,58
Canada,2018,2.147023208879919,2.78,1.34,5427.75,10.81,48962.48,1814798490049.67,12.08,2.12,26.95,97.5,82.05,4.6,1.68,15.42,94.64,1.83,7.23,10.01,32.5,79.68,3.23,88673150969,98,40,58
Canada,2019,1.866732283464567,1.88,0.43,5520.65,10.84,49171.51,1848909297787.49,11.74,1.99,28.99,100,82.05,4.5,1.59,16.1,96.5,1.92,7.15,10.58,32.5,79.64,3.14,94289836331,98,40,58
Chile,2015,-1.1448275862068966,2.15,1.11,1884.59,8.3,24464.75,437188038616.54,19.59,4.03,15.83,77.5,79.75,6.8,0.38,6.71,76.63,0.48,8.66,3.7,44.4,71.18,7.63,-3594850024,94,38,56
Chile,2016,0.9454545454545454,1.75,0.55,1996.57,8.52,24599.37,444852114339.54,21.16,3.2,15.83,77.5,80.08,6.7,0.37,8.42,83.56,0.57,9.23,4,44.4,71.58,7.59,-1856991286,94,38,56
Chile,2017,-2.66025641025641,1.36,-0.21,2219.14,9.07,24546.91,450891850914.83,21.31,5.3,23.75,77.5,80.35,6.5,0.36,7.1,82.33,0.36,8.55,3.77,44.4,71.95,7.61,-1702746711,94,38,56
Chile,2018,0.02537313432835818,3.99,2.14,2265.86,9.16,25071.99,468882568679.53,21.37,5.76,22.58,77.5,80.13,6.3,0.37,6.91,84.9,0.28,8.1,4.06,35.7,72.32,7.33,-3593998598,94,38,56
Chile,2019,1.4564516129032257,0.77,-1.02,2424.15,9.33,24816.61,472495494473.21,21.23,4.85,22.58,77.5,80.33,6.1,0.34,7.63,86.1,0.32,7.67,4.53,44.4,72.58,7.04,-4173411567,94,38,56
China,2015,1.9323005698005697,7.04,6.42,627.63,4.94,12612.35,17403279549490.3,12.1,1.18,23.62,75.63,76.98,8.2,2.06,30.42,50.3,26.56,23.35,11.29,38.6,62.28,5.6,265915730641,9,-2,11
China,2016,1.5889984227129337,6.85,6.24,658.58,4.98,13399.14,18595188781695.5,11.89,1.06,23.62,75.63,77.22,7.6,2.1,30.24,53.2,26.5,23.76,12.2,38.5,63.79,5.55,254052165000,9,-2,11
China,2017,1.7621740323908865,6.95,6.3,706.37,5.07,14243.53,19887033884254.4,11.59,1.33,24.25,75.63,77.25,7,2.12,30.91,54.3,27.07,22.72,12.61,39.1,64.2,5.43,278811915546,9,-2,11
China,2018,1.1095633538708813,6.75,6.25,784.19,5.17,15134,21229363693442.5,10.76,1.48,24.9,75.63,77.74,6.4,2.14,31.55,59.2,27.31,22.67,12.85,38.5,73.3,5.1,324429533720,9,-2,11
China,2019,1.4755080440304826,5.95,5.58,880.19,5.35,15977.76,22492617140021.1,11.23,1.14,24.94,75.63,77.97,5.9,2.24,30.82,64.11,26.5,22.48,14.3,38.2,77.28,4.91,295348593120,9,-2,11
Colombia,2015,0.7163841807909604,2.96,1.99,988.09,7.52,14215.69,669839363772.07,14.29,3.68,19.88,78.75,76.26,13.4,0.37,9.85,55.9,0.24,9.33,6.12,51,68.86,9.94,-5771951108,70,31,39
Colombia,2016,1.5297297297297296,2.09,1,1040.21,7.53,14358.17,683821473440.46,14.93,2.97,19.88,78.75,76.47,13,0.27,10.19,58.14,0.28,9.21,5.82,50.6,69.17,10.24,-1594450118,70,31,39
Colombia,2017,1.6771186440677965,1.36,-0.16,1088.17,7.68,14334.91,693117074956.62,15.47,3.85,18.67,81.88,76.65,12.6,0.26,8.96,62.26,0.25,9.62,5.71,49.7,69.04,10.94,-1476638380,70,31,39
Colombia,2018,1.8529032258064515,2.56,0.64,1133.59,7.63,14426.43,710890844417.81,12.84,5.03,18.13,81.88,76.75,12.2,0.31,7.22,64.13,0.21,9.9,5.38,50.4,69.24,8.75,-2053285048,70,31,39
Colombia,2019,1.478391959798995,3.19,1.31,1204.3,7.71,14616.14,733545907627.61,13.72,4.69,18.71,81.88,76.75,11.8,0.32,9.05,65.01,0.27,9.91,4.94,51.3,70.06,9.57,-1226640714,70,31,39
Croatia,2015,3.0214285714285714,2.52,3.37,1553.34,6.79,24927.03,104783383713.21,10.1,0.69,15.23,93.75,77.28,4.2,0.83,10.71,69.85,2.45,5.23,4.61,31.1,71.35,3.67,115965855,84,35,49
Croatia,2016,1.7450980392156863,3.56,4.29,1692.24,6.83,25995.19,108513001017.17,9.94,0.53,12.58,93.75,78.02,4.1,0.85,14.4,72.7,2.7,5.05,5.09,30.9,72.15,3.42,294651461,84,35,49
Croatia,2017,2.12,3.41,4.66,1804.07,6.76,27206.97,112215972260.05,8.62,0.69,18.54,93.75,77.83,4.1,0.85,8.73,67.1,2.51,5.02,5.21,30.4,72.61,3.68,453943304,84,35,49
Croatia,2018,2.3596491228070176,2.8,3.72,1989.77,6.78,28219.96,115358778286.87,8.6,0.78,18.54,93.75,78.07,4,0.95,8.84,75.29,2.33,4.81,5.78,29.7,72.95,3.42,188890636,84,35,49
Croatia,2019,1.2472222222222222,3.42,4,2167.81,6.98,29347.55,119305208471.89,8.51,0.66,20.53,93.75,78.42,4,1.08,8.29,79.08,2.33,4.89,5.74,28.9,73.62,3.5,271799697,84,35,49
Cuba,2015,2.5672669491525424,4.44,4.37,3180.36,12.81,6663.95,212232800909.81,15.26,0.69,48.86,64.38,77.77,4.5,0.43,5.3,37.31,7.8,13.89,6.69,26.8,62.09,13.69,-231196082,12,1,11
Cuba,2016,2.127620632279534,0.51,0.49,2493.63,12.22,6663.95,200347863521.28,14.94,0.44,48.86,64.38,77.64,4.4,0.34,4.45,42.98,7.46,13.89,7.74,26,62.09,15.32,-316969868,12,1,11
Cuba,2017,1.215359477124183,1.81,1.86,2517.68,11.71,6663.95,212232800909.81,13.56,0.65,48.86,64.38,77.53,4.3,0.43,4.45,57.15,7.8,13.89,6.69,26.8,73.58,29.36,-363064646,12,1,11
Cuba,2018,0.6451063829787234,2.25,2.32,2519.29,11.19,6663.95,200347863521.28,12.66,1.02,53.22,64.38,77.5,4.2,0.54,4.45,62.68,7.46,13.89,7.74,26,66.61,29.36,-351384079,12,1,11
Cuba,2019,-0.9981220657276996,-0.16,-0.06,2599.49,11.34,6663.95,212232800909.81,14.23,0.86,53.22,64.38,77.61,4.2,0.55,3.89,67.97,7.46,13.89,7.74,26.8,69.77,29.36,-363031505,12,1,11
El Salvador,2015,0.4714285714285714,2.4,2.05,579.72,7.63,8266.72,51510493991.93,14.42,0.85,32.14,86.25,71.81,13.3,0.14,4.98,26.8,0.28,5.39,7.43,40.6,62.4,3.9,-1522191302,56,25,31
El Salvador,2016,1.188235294117647,2.54,2.22,619.39,7.71,8450.25,52818377628.44,13.93,1.02,32.14,88.75,72.03,12.8,0.14,5.37,29,0.3,5.23,7.23,40,62.65,3.73,-1099426879,56,25,31
El Salvador,2017,1.7083333333333333,2.25,1.98,609.77,7.21,8617.92,54005533544.66,13.42,0.89,32.14,88.75,72.31,12.3,0.18,5.74,33.82,0.23,5.08,8,38,64.71,3.76,-1275630881,56,25,31
El Salvador,2018,-0.06190476190476192,2.41,2.25,625.99,7.09,8812.2,55308386859.5,13.23,0.66,30.95,88.75,72.56,11.9,0.17,6.13,43.8,0.24,5.27,7.71,38.6,64.92,4.15,-1171683106,56,25,31
El Salvador,2019,3.824390243902439,2.44,2.37,656.71,7.17,9021.43,56656513069.44,12.45,0.56,30.95,88.75,72.56,11.5,0.17,5.14,50.49,0.24,5.2,7.36,38.8,65.25,4.34,-1145203583,56,25,31
Estonia,2015,2.7180851063829787,1.85,1.79,1865.89,6.35,31038.8,40828660880.23,13.01,1.15,23.76,91.25,77.59,2.4,1.47,22.71,88.41,11.91,11.21,8.69,32.7,80.54,5.13,207676653,94,38,56
Estonia,2016,2.167391304347826,3.16,3.13,2030.03,6.43,32008.93,42117035737.15,13.09,1.06,23.76,97.5,77.64,2.3,1.24,21.89,87.24,12.53,11.53,9.44,31.2,80.7,5.25,159462910,94,38,56
Estonia,2017,2.8505434782608696,5.79,5.66,2241.85,6.59,33821.93,44556473262.69,12.65,1.36,26.73,97.5,78.09,2.1,1.28,17.93,88.1,9.28,9.4,10.61,30.4,80.77,5.12,269197679,94,38,56
Estonia,2018,2.418867924528302,3.78,3.42,2434.2,6.69,34979.87,46242579702.42,13.35,1.37,26.73,97.5,78.24,1.9,1.42,18.17,89.36,8.51,8.48,12.21,30.3,80.79,5.12,886451175,94,38,56
Estonia,2019,2.7590361445783134,3.74,3.35,2616.81,6.73,36153.43,47971916545.3,13.44,1.18,29.7,97.5,78.65,1.8,1.63,16.94,90.23,7.59,7.47,12.95,30.8,80.62,5.2,899054696,94,38,56
Ethiopia,2015,2.8068181818181817,10.39,7.46,63.36,3.82,1750.67,179394752299.83,27.1,12.19,38.76,71.88,63.65,43.2,0.14,6.19,13.86,0.54,7.49,3.13,35,43.78,4.07,-397811097,21,10,11
Ethiopia,2016,1.1666666666666665,9.43,6.5,67.64,3.6,1864.49,196317925147.11,23.01,11.23,38.76,71.88,64.39,41.3,0.21,6.83,15.37,1.26,5.75,2.4,42.7,44.06,3.82,-172272142,21,10,11
Ethiopia,2017,2.8970588235294117,9.56,6.62,69.81,3.45,1987.97,215094143811.3,26.51,9.88,38.76,71.88,64.84,39.6,0.27,5.83,18.62,2.65,3.83,2.17,42.8,46.15,3.75,-158800311,21,10,11
Ethiopia,2018,2.571590909090909,6.82,4,71.28,3.31,2067.46,229755278555.78,24,5.9,38.76,71.88,65.41,38,0.12,13.65,20,2.42,2.84,1.56,42.7,47.06,4.01,-234425612,21,10,11
Ethiopia,2019,2.7814814814814812,8.36,5.52,75.11,3.24,2181.66,248972206952.34,20.92,5.49,38.76,71.88,65.84,36.6,0.04,9.42,22,1.26,3.81,2.73,42.8,47.98,3.78,-56725822,21,10,11
Finland,2015,0.39375,0.54,0.21,4097.82,9.65,45072.59,246976655331.33,12.44,0.41,41.5,97.5,81.48,2,2.87,10.18,86.42,2.46,6.89,34.61,27.1,80.1,2.57,2718416167,100,40,60
Finland,2016,3.8875,2.81,2.52,4212.09,9.38,46206.79,253920299689.41,12.31,0.4,41.5,97.5,81.43,2,2.72,10.05,87.7,2.69,7.29,31.31,27.1,80.1,2.55,3049163662,100,40,60
Finland,2017,2.5073170731707317,3.19,2.95,4339.1,9.13,47570.13,262026475788.42,11.86,0.43,42,97.5,81.63,1.9,2.73,9.66,87.47,2.69,7.07,27.97,27.4,79.98,2.52,3376630754,100,40,60
Finland,2018,2.2099009900990096,1.14,1.01,4490.18,9.04,48048.52,265012838732.94,11.75,0.53,42,97.5,81.73,1.9,2.76,9.02,88.89,2.6,7.33,27.1,27.3,80.04,2.55,3642219439,100,40,60
Finland,2019,2.1759999999999997,1.22,1.11,4710.22,9.15,48583.43,268258580618.65,12.04,0.37,47,97.5,81.98,1.9,2.8,9.21,89.61,2.58,7.06,33.8,27.7,80.18,2.53,3943466309,100,40,60
France,2015,2.3941520467836255,1.11,0.75,4682.67,11.45,43345.79,2884587185274.82,9.62,0.04,26.17,100,82.32,3.2,2.23,28.18,78.01,4.02,6.67,6.74,32.7,76.15,3.3,5084692752,89,38,51
France,2016,1.4347607052896725,1.1,0.83,4930.49,11.47,43705.15,2916186811083.79,9.56,0.04,26.17,100,82.57,3.2,2.22,27.91,79.27,3.98,6.67,7.01,31.9,76.25,3.38,3688264983,89,38,51
France,2017,1.5857142857142856,2.29,1.99,5059.99,11.33,44577.06,2983008898740.32,9.65,0.04,38.99,100,82.58,3.3,2.2,26,80.5,3.93,6.51,6.77,31.6,76.01,3.38,5948669103,89,38,51
France,2018,1.083542039355993,1.87,1.5,5220.8,11.19,45245.96,3038643985600.27,9.72,0.04,39.58,100,82.68,3.4,2.2,25.92,82.04,3.96,6.14,7.29,32.4,76.78,3.31,10204901021,89,38,51
France,2019,1.0412322274881516,1.84,1.5,5492.53,11.06,45922.79,3094645337796.63,9.67,0.03,39.69,100,82.83,3.4,2.19,26.91,83.34,3.79,6.18,6.65,31.2,76.8,3.32,10689717056,89,38,51
Georgia,2015,1.005327868852459,3.02,2.86,830.73,7.42,12605.14,46957625778.73,11.12,0.54,11.33,79.38,73.3,9.3,0.3,5.79,47.57,1.04,4.79,1.46,36.5,78.3,7.29,-150030338,58,22,36
Georgia,2016,1.6858490566037736,2.91,2.84,954.52,8,12963.74,48322420424.54,12.67,0.58,16,79.38,73.57,9.1,0.29,3.45,58.46,0.45,4.64,1.7,36.6,80.79,7.34,-162538580,58,22,36
Georgia,2017,0.9897727272727272,4.84,4.83,892.01,7.06,13589.71,50662483514.4,12.95,0.48,16,79.38,73.57,8.9,0.27,2.97,59.71,0.56,5.7,2.25,37.9,83.01,7.14,-209692944,58,22,36
Georgia,2018,1.4322175732217572,4.84,4.88,967.11,7.11,14253.41,53116027002.79,12.95,0.47,16,79.38,73.34,8.8,0.28,3.12,62.72,0.45,5.07,1.88,36.4,83.5,6.98,-341083174,58,22,36
Georgia,2019,0.9745664739884393,4.98,5.16,970.2,6.66,14989.26,55762453626.52,13.36,0.63,14.77,85.63,73.47,8.6,0.28,2.56,68.85,0.4,4.45,2.47,35.9,83.73,6.14,-546529911,58,22,36
Germany,2015,1.9777414075286415,1.49,0.62,5356.61,11.18,51159.3,4179029631006.81,11,0.08,36.45,94.38,80.64,3.3,2.93,17.82,87.59,4.65,8.44,8.07,31.4,79.5,2.58,76892833400,94,39,55
Germany,2016,1.8935185185185184,2.23,1.41,5694.91,11.24,51879.67,4272221986254.43,10.91,0.06,36.45,94.38,80.99,3.3,2.94,18.08,84.17,4.71,8.5,8.72,31.4,79.55,2.59,70357762554,94,39,55
Germany,2017,1.0539515279241307,2.68,2.3,6028.25,11.33,53071.46,4386727409191.68,11.03,0.07,30.75,94.38,80.99,3.3,3.05,15.81,84.39,4.96,8.78,9.17,31.9,79.35,2.61,75094461714,94,39,55
Germany,2018,1.384322033898305,0.98,0.68,6500.02,11.45,53431.39,4429771408867.22,11.23,0.09,30.75,97.5,80.89,3.2,3.11,15.74,87.04,4.96,8.55,9.41,31.8,79.35,2.63,77909186817,94,39,55
Germany,2019,1.0137529137529138,1.06,0.83,6738.67,11.7,53874.32,4476576546258.33,11.37,0.09,30.89,97.5,81.29,3.2,3.17,16.38,88.13,4.9,8.37,9.38,31.7,79.71,2.8,73036266728,94,39,55
Greece,2015,1.866412213740458,-0.2,0.46,2148.73,8.07,28260.39,305802337733.1,7.16,0.07,19.67,97.5,81.04,3.8,0.97,12.91,66.83,3.07,4.89,2.54,36,66.92,4.81,678787067,86,35,51
Greece,2016,1.7849056603773583,-0.49,-0.07,2284.26,8.32,28239.92,304312550410.31,8.1,0.09,19.67,97.5,81.39,3.9,1.01,13.71,69.09,3.49,4.67,3.05,35,67.09,5.15,502711493,86,35,51
Greece,2017,2.11900826446281,1.09,1.29,2325.62,8.1,28604.86,307636097252.2,7.17,0.12,18.33,97.5,81.29,3.8,1.15,12.11,69.89,2.78,4.34,2.96,34.4,67.11,5.29,451722737,86,35,51
Greece,2018,2.3362637362637364,1.67,1.87,2360.42,7.96,29141.17,312768785993.5,7.42,0.11,18.67,97.5,81.79,3.7,1.21,12.95,72.24,3.11,4.44,2.79,32.9,67.41,5.6,803163670,86,35,51
Greece,2019,2.2184713375796177,1.88,1.99,2418.81,7.84,29721.59,318662418917.77,7.5,0.07,20.67,97.5,81.64,3.5,1.28,12.51,75.67,3.11,4.48,2.73,33.1,68.42,5.58,90825111,86,35,51
Guatemala,2015,1.2693548387096774,4.09,2.35,471.42,6.01,8125.66,126495484346.15,24.09,1.79,13.92,70.63,72.1,23.8,0.03,5.48,28.81,0.27,6.16,19.69,40.8,61.68,3.23,-2815910000,49,20,29
Guatemala,2016,1.5657894736842106,2.68,0.99,476.33,6.07,8206.05,129882783658.34,23.43,2.02,13.92,70.63,72.36,23,0.02,5.82,34.51,0.23,6.24,19.74,40,61.96,3.51,-3067851500,49,20,29
Guatemala,2017,1.7156862745098038,3.08,1.42,485.64,6.14,8322.22,133882980507.73,23.09,1.51,12.66,70.63,72.55,22.2,0.03,5.34,37.9,0.21,6.41,20.63,38.8,61.53,3,-3610184600,49,20,29
Guatemala,2018,1.603846153846154,3.41,1.77,502.32,6.12,8469.12,138444204157.75,23.75,1.21,12.66,70.63,72.73,21.5,0.03,5.31,41.5,0.21,6.14,20.01,38.6,62.53,2.82,-3529318900,49,20,29
Guatemala,2019,3.256701030927835,4,2.39,529.12,6.21,8671.7,143985177388.63,23.76,1.16,19.38,70.63,73.13,20.8,0.03,4.92,44.4,0.19,6.55,20.23,38.8,62.6,3.2,-3735545500,49,20,29
Honduras,2015,1.4875,3.84,1.98,360.97,7.48,5180.19,48147271125.42,24.64,1.58,25.78,75,72.49,17.5,0.01,1.31,27.1,0.17,8.36,8.31,49.2,56.13,6.42,-1903445676,48,22,26
Honduras,2016,1.4583333333333333,3.89,2.07,395.87,7.69,5287.25,50021631004.08,18.01,2.03,25.78,75,72.59,16.9,0.14,2.84,29.5,0.52,5.49,9.21,49.8,55.74,6.08,-1666125011,48,22,26
Honduras,2017,1.7054545454545456,4.84,3.03,388.78,6.99,5447.7,52444135530.23,19.67,1.74,16,75,72.69,16.3,0.04,3.12,31.7,0.45,5.16,9.95,49.4,55.89,6.41,-2356883129,48,22,26
Honduras,2018,-0.11044776119402987,3.84,2.08,419.45,7.22,5561.26,54460609798.37,23.16,1.08,21.09,75,72.81,15.8,0.04,1.96,36,0.07,5.18,8.18,48.9,55.97,6.12,-2886722233,48,22,26
Honduras,2019,3.335632183908046,2.65,0.94,435.68,7.28,5613.66,55905485859.09,20.12,0.93,21.09,75,72.88,15.2,0.04,1.96,39.39,0.14,5.32,6.28,48.2,56.27,6.31,-2287775790,48,22,26
Hungary,2015,-0.10000000000000003,3.71,3.95,1834.46,6.86,27528.31,270961885297.98,8.92,0.29,10.1,96.88,75.57,4.2,1.34,17.08,72.83,11.62,12.58,8.08,30.4,71.07,1.8,970970511,66,24,42
Hungary,2016,0.8432432432432432,2.2,2.5,1949.25,7,28217.35,276925761522.53,9.86,0.23,10.1,96.88,76.06,4,1.18,17.56,79.26,11.38,12.52,7.95,30.3,71.38,2.14,1189297635,66,24,42
Hungary,2017,-0.6076923076923078,4.27,4.55,1988.7,6.76,29501.12,288755963637.47,9.94,0.3,10.05,96.88,75.82,3.7,1.32,17.18,76.75,11.18,12.56,9.06,30.6,72.68,2.21,770744319,66,24,42
Hungary,2018,-0.011864406779661035,5.36,5.5,2083.19,6.55,31122.5,304240017826.25,10.08,0.38,12.56,96.88,76.07,3.5,1.51,16.81,76.07,11.34,12.48,9.37,29.6,73.24,2.43,1258686313,66,24,42
Hungary,2019,1.9742857142857142,4.86,4.91,2155.91,6.35,32649.14,319019366169.22,9.27,0.32,12.56,96.88,76.32,3.4,1.48,17.36,80.37,12.82,13.75,9.38,30,73.42,2.74,1018046192,66,24,42
India,2015,1.6122038444345104,8,6.72,196.5,3.6,5411.88,7159188945023.89,15.69,1.78,11.97,66.25,69.64,35,0.69,8.02,14.9,0.89,8.56,48.87,34.7,54.52,8.83,19699165360,66,33,33
India,2016,0.8171395483497395,8.26,6.98,204.65,3.5,5789.68,7750273455775.5,15.72,1.73,11.97,66.25,70.12,33.2,0.67,7.66,16.5,0.95,9.33,47.3,34.8,55.94,9.08,21376022414,66,33,33
India,2017,0.9977356181150551,6.8,5.57,181.53,2.94,6112.07,8276934253114.81,15.81,1.96,11.81,68.75,70.47,31.5,0.67,7.36,18.2,0.86,9.72,42.38,35.9,60.91,9.39,22001230000,66,33,33
India,2018,0.6498392282958199,6.45,5.3,195.57,2.95,6436.15,8811115285732.38,16.64,2.25,11.81,71.88,70.71,29.8,0.66,9.04,20.08,1.18,9.18,41.3,34.6,67.5,9.1,18611010000,66,33,33
India,2019,0.8783768444948922,3.74,2.68,211,3.01,6608.62,9140467595777.36,16.73,1.99,14.39,71.88,70.91,28.3,0.67,10.22,29.4,2,9.46,43.96,35.7,71.05,9.14,19270250000,66,33,33
Indonesia,2015,0.7929078014184398,4.88,3.72,299.66,2.92,10121.84,2622487705196.92,20.5,3.11,17.12,64.38,69.7,23.2,0.24,8.89,22.06,3.52,7.63,4.37,40.4,62.11,5.05,8650175774,58,30,28
Indonesia,2016,-0.02439024390243904,5.03,3.93,317.09,3.02,10519.3,2754479325709.95,21.22,2.61,17.12,64.38,69.8,22.4,0.25,8,25.45,3.37,7.97,4.16,39.3,64.66,4.71,8852853575,58,30,28
Indonesia,2017,0.13518518518518516,5.07,4.02,317.59,2.9,10941.92,2894125530220.37,16.12,3.1,19.82,64.38,69.94,21.6,0.24,8.45,32.34,2.99,7.98,3.94,38.8,66.87,5.22,9660278372,58,30,28
Indonesia,2018,0.8064516129032258,5.17,4.16,334.03,2.87,11397.43,3043876022674.53,16.56,4.36,19.82,64.38,70.34,20.8,0.23,8.21,39.9,2.88,7.7,3.93,38.4,68.18,4.32,8249915564,58,30,28
Indonesia,2019,0.6464285714285714,5.02,4.04,358.29,2.9,11857.79,3196656916889.19,17.35,3.38,17.39,64.38,70.52,20.1,0.27,8.09,47.69,3.01,8.06,4.17,37.6,69.58,4.45,8436145218,58,30,28
Iraq,2015,-0.5535309503051439,4.72,1.92,326.63,3.14,9371.21,353836526432.47,13,36.47,26.52,33.13,69.44,24.8,0.04,3.89,16.8,0.03,3.06,3.07,35,42.86,12.45,2018400716,29,16,13
Iraq,2016,-1.0361393323657475,13.79,11.02,330.97,3.49,10404.2,402621288208.15,14,31.9,26.52,45,68.99,24.1,0.04,3.89,37.67,0.3,5.18,2.28,39.3,44.14,8.38,4282552970,29,16,13
Iraq,2017,-1.6319494584837546,-1.82,-4.11,452.6,4.19,9976.85,395294585902.05,13.85,38,25.3,45,70.41,23.4,0.05,3.89,49.36,1.45,3.95,1.75,44.3,44.62,11.01,8867935316,29,16,13
Iraq,2018,-0.37714285714285717,2.63,0.18,448.39,4.24,9995.05,405706056270.42,13.77,44.54,25.23,45,71.51,22.7,0.04,7.03,43.3,0.11,2.05,2.58,38.4,44.65,8.84,9808179716,29,16,13
Iraq,2019,-0.23128342245989308,5.51,3.04,483.34,4.48,10299.32,428075838564.98,14,39.48,25.23,45,71.58,22.1,0.03,7.03,44.33,0.03,4.87,1.52,41.6,44.7,9.34,5272558729,29,16,13
Ireland,2015,1.0727272727272728,24.37,23.2,5077.48,7.32,71490.8,336146682031.35,12.94,0.02,16.27,95,81.45,3.2,1.18,28.34,83.49,6,8.99,42.48,31.8,79.8,1.18,18222003860,97,39,58
Ireland,2016,0.6782608695652174,2.01,0.86,5356.19,7.42,72106.8,342891983259.1,13.33,0.07,22.15,95,81.65,3.1,1.18,32.83,83.5,8.92,8.11,43.5,32.8,80.1,1.19,20627049481,97,39,58
Ireland,2017,1.2221238938053096,9.01,7.83,5582.93,7.06,77749.2,373770580497.35,13.33,0.13,22.15,97.5,82.16,3,1.26,29.03,84.11,7.87,7.5,42.45,31.4,80.1,1.17,19020295317,97,39,58
Ireland,2018,1.2923076923076922,8.53,7.19,5869.54,6.86,83340.39,405644021458.46,13.32,0.14,22.15,97.5,82.2,2.9,1.17,24.94,87,6.76,8.1,49.57,30.6,79.59,1.13,26486265695,97,39,58
Ireland,2019,1.8223529411764705,5.44,4.01,6010.07,6.68,86681.27,427714858466.09,13.61,0.08,22.15,97.5,82.7,2.9,1.23,25.98,87,8.8,9.71,53.05,30.8,79.58,1.14,36137088975,97,39,58
Israel,2015,1.3249488752556238,2.49,0.48,2645.22,7.1,37321.02,312753854239.32,15.49,0.23,26.67,80.63,82.05,3.2,4.26,22.9,77.35,14.33,11.46,43,39.7,73,14.49,10046500000,77,34,43
Israel,2016,1.324214659685864,4.52,2.49,2857.23,7.17,38251.3,326895583681.49,15.44,0.16,26.67,80.63,82.41,3.1,4.51,21.81,79.65,11.73,10.88,47.16,39,74.2,14.41,9524202000,77,34,43
Israel,2017,2.0681647940074908,4.28,2.27,2992.02,7.29,39121.3,340875586977.72,15.7,0.14,27.5,80.63,82.55,3,4.66,21.07,81.58,10.77,8.94,41.59,38.2,74.34,14.19,9188800000,77,34,43
Israel,2018,2.0109311740890687,4.07,2.08,3220.53,7.53,39936.77,354750320603.42,15.52,0.18,27.5,80.63,82.8,2.9,4.8,22.54,83.73,11.6,8.89,45.35,38.6,74.98,13.52,7046100000,77,34,43
Israel,2019,1.611800486618005,4.16,2.19,3326.25,7.46,40810.05,369494233444.03,15.74,0.1,23.33,80.63,82.8,2.8,5.14,23.09,86.79,9.99,8.78,47.66,38.6,76.68,13.13,3712000000,77,34,43
Italy,2015,1.8566523605150214,0.78,0.88,3264.64,8.86,40247.83,2444274082066.12,8.1,0.08,30.95,94.38,82.54,3,1.34,8.15,58.14,1.9,5.19,8.44,35.4,71.69,2.4,24124951312,90,36,54
Italy,2016,1.5906716417910447,1.29,1.47,3481.57,8.73,40837.74,2475889856374.81,7.77,0.05,30.95,94.38,83.24,2.9,1.37,8.29,61.32,1.86,5.18,8.54,35.2,71.83,2.72,25418619395,90,36,54
Italy,2017,1.2340350877192983,1.67,1.82,3616.67,8.68,41581.12,2517184209191.25,8.3,0.07,30.95,94.38,82.95,2.8,1.37,7.8,63.08,1.89,5.09,8.1,35.9,73.19,2.78,28803783986,90,36,54
Italy,2018,0.437007874015748,0.93,1.12,3855.1,8.68,42045.92,2540488576005.39,8.8,0.11,35.71,97.5,83.35,2.7,1.42,7.48,74.39,1.99,4.93,7.64,35.2,73.04,2.81,31185498578,90,36,54
Italy,2019,1.2497536945812808,0.48,1.65,3998.01,8.67,42739.05,2552764174037.99,8.45,0.09,35.71,97.5,83.5,2.6,1.46,7.76,67.85,1.97,5,7.33,34.6,72.85,2.71,31934825498,90,36,54
Japan,2015,2.273924877517692,1.56,1.67,4367.5,10.75,40402.58,5136824615194.47,8.37,0.03,9.47,78.75,83.79,2,3.24,18.02,91.06,8.52,12.79,2,32.7,77.53,2.52,58049621766,96,40,56
Japan,2016,2.1919369786839664,0.75,0.81,4303.92,10.66,40727.97,5175547373033.96,8.2,0.02,9.47,78.75,83.98,2,3.11,17.59,93.18,8.31,13.01,2.2,31.9,77.94,2.48,61125343477,96,40,56
Japan,2017,2.665131136516476,1.68,1.76,4398.02,10.66,41444.22,5262254961496.86,8.15,0.04,10.11,78.75,84.1,1.9,3.17,17.57,91.73,8.35,13.01,2.71,31.9,78.01,2.47,61239997008,96,40,56
Japan,2018,2.3879491431730235,0.58,0.71,4531.75,10.75,41739.2,5292990112343.87,8.13,0.03,10.11,78.75,84.21,1.9,3.22,17.27,88.75,8.11,11.94,2.52,32.5,78.04,2.6,57030465531,96,40,56
Japan,2019,2.929757607013925,-0.24,-0.1,4587.03,10.74,41697.41,5280268366098.9,8.18,0.09,10.11,78.75,84.36,1.8,3.2,17,92.73,8,12.25,3.56,31.2,78,2.66,59147613121,96,40,56
Jordan,2015,-2.7144385026737967,2.5,-6.53,706.16,7.46,9912.71,94113737256.59,11.34,1.4,12,31.88,75.01,15,0.22,2.58,54.22,1.78,4.4,0.7,36.5,56.74,12.8,151260703,33,11,22
Jordan,2016,1.6040650406504064,1.99,-2.82,676,7.16,9633.1,95990535352.49,12.15,1.12,15.38,31.88,75.22,14.6,0.7,3.38,56.15,3.18,4.79,0.68,36.6,57.02,15.61,137882740,33,11,22
Jordan,2017,1.547945205479452,2.47,-0.04,798.47,7.98,9629.1,98364955818.79,11.2,0.87,15.38,31.88,75.5,14.2,0.24,1.81,64.5,3.39,4.45,0.36,37.9,59.93,16.24,-433404225,33,11,22
Jordan,2018,2.16,1.92,-0.46,798.11,7.78,9584.51,100252649208.89,9.83,0.79,15.38,31.88,75.77,13.8,0.18,1.51,65.2,1.99,4.74,0.21,36.4,61.28,15.01,-33778167,33,11,22
Jordan,2019,1.622429906542056,1.93,-0.35,797.45,7.58,9551.17,102184890723.87,9.86,0.03,15.38,40.63,76.04,13.4,0.2,1.37,64.5,2.14,4.96,0.17,38.8,68.97,15.07,311267184,33,11,22
Kazakhstan,2015,2.374418604651163,1.2,-0.27,704.96,3.04,24290.42,426122084210.95,12.19,9.47,26.17,72.5,71.97,10.6,0.17,43.43,70.83,0.19,4.89,2.31,26.8,70.92,4.43,-1049954101,23,5,18
Kazakhstan,2016,1.9416666666666667,1.1,-0.33,813.48,3.42,24210.86,430809427136.85,13.84,11.49,27.1,69.38,72.41,9.8,0.14,32.1,74.59,0.16,5.2,2.04,27.2,74.85,4.34,-664027281,23,5,18
Kazakhstan,2017,1.7446428571428572,4.1,2.69,757.16,3.05,24862.97,448472613650.92,11.42,15.42,27.1,69.38,72.95,9.4,0.13,24.21,76.43,0.13,5.85,1.79,27.5,76.88,3.45,-791096247,23,5,18
Kazakhstan,2018,2.2715686274509803,4.1,2.74,735.6,2.82,25544.34,466859990810.03,13.88,21.57,27.1,69.38,73.15,9.1,0.12,23.47,78.9,0.11,5.99,1.67,27.8,78.04,4.43,-542316985,23,5,18
Kazakhstan,2019,2.896774193548387,4.5,3.16,765.49,2.79,26351.8,487868690396.88,14.11,19.03,27.1,69.38,73.18,9.1,0.12,29.72,81.88,0.12,5.63,1.7,27.5,79.56,5.04,-461243636,23,5,18
Kenya,2015,2.390485829959514,4.97,2.68,175.47,5.22,4163.92,195086070317.09,16.66,2.7,19.71,78.13,61.89,33.1,0.12,4.37,16.59,0.54,4.17,11.86,40.8,58.01,4.85,-871539264,52,22,30
Kenya,2016,2.0156626506024096,4.21,1.94,186.89,5.14,4244.86,203306055187.48,17.35,2.65,19.71,80.63,62.16,32.2,0.03,7.59,16.6,1.58,5.38,10.84,40,62.79,4.88,-46075310,52,22,30
Kenya,2017,0.14999999999999997,3.84,1.6,167.55,4.14,4312.91,211108856550.07,17.71,2.32,21.78,80.63,62.48,31.6,0.04,3.35,17.83,0.38,4.79,10.18,38.8,65.41,4.93,-99580875,52,22,30
Kenya,2018,1.5499999999999998,5.65,3.52,185.41,4.31,4464.81,223032171628.64,19.04,1.26,21.78,80.63,62.68,30.6,0.03,3.61,19.5,0.34,3.82,10.41,38.6,70.98,4.95,-59801276,52,22,30
Kenya,2019,1.431578947368421,5.11,3.05,207.62,4.59,4601.21,234438391189.46,18.52,1.24,21.78,80.63,62.94,29.7,0.03,4.59,22.67,0.42,3.81,11.23,40.8,73.22,4.6,-82701365,52,22,30
Kuwait,2015,1.0945945945945945,0.59,-3.19,1990.74,4.21,53808.13,210322134913.32,9.51,37.86,1.54,29.38,79.56,7.8,0.1,0.13,82,0.15,8.23,44.71,31.3,60.66,9.2,-883227755,37,14,23
Kuwait,2016,-0.605,2.93,-0.62,2114.07,4.73,53476.12,216475883430.82,10.52,32.98,2,29.38,79.7,7.7,0.08,0.15,85.6,0.14,6.53,46.19,32.4,59.97,10.96,-926543669,37,14,23
Kuwait,2017,2.1382716049382715,-4.71,-6.49,2366.48,4.65,50007.3,206275309887.73,11.14,37.44,3.08,29.38,79.78,7.6,0.08,0.2,98,0.26,8.11,43.28,27.5,61.79,10.91,-1089156606,37,14,23
Kuwait,2018,2.3574468085106384,2.43,-2.13,2636.89,5.1,48943.01,211296012291.51,11.75,45.74,3.08,29.38,79.72,7.6,0.06,4.12,99.6,0.2,7.17,40.21,27.8,62.56,10.32,-896492711,37,14,23
Kuwait,2019,1.180851063829787,-0.55,-3.33,2861.19,5.5,47314.8,210129744326.84,12.83,41.03,4.62,26.25,79.69,7.6,0.19,0.9,99.54,0.14,7.39,54.42,26.6,67.4,10.37,-982322894,37,14,23
Latvia,2015,2.776271186440678,3.89,4.74,1405.4,5.65,26628.35,52658290346.93,14.13,0.97,18,100,74.48,4.3,0.62,18.92,79.2,11.36,10,8.25,34.2,79.13,2.77,75767222,88,37,51
Latvia,2016,2.6812227074235806,2.37,3.31,1631.07,6.14,27509.34,53905562377.42,12.89,0.97,18,100,74.58,4,0.44,17.24,79.84,10.47,9.97,11.49,34.3,80.6,4.01,68806699,88,37,51
Latvia,2017,2.7537037037037035,3.31,4.23,1703.6,5.97,28673.56,55691171159.27,11.97,1.17,16,100,74.63,3.8,0.51,17.72,80.11,9.23,9.25,12.52,35.6,79.99,4.37,164838294,88,37,51
Latvia,2018,2.2775956284153005,3.99,4.81,1899.7,6.19,30051.4,57914281683.92,11.15,0.98,31,100,74.78,3.6,0.64,20.55,83.58,8.44,8.24,14.61,35.1,80.32,5.42,293869563,88,37,51
Latvia,2019,2.6010309278350516,2.57,3.29,2098.45,6.58,31038.68,59402507231.89,11.76,1.13,30,100,75.39,3.4,0.64,17.22,86.14,8.94,8.58,15.16,34.5,80.28,5.36,68410851,88,37,51
Lebanon,2015,1.5392307692307692,0.46,-1.49,1117.19,7.41,16611.72,106297400802.52,6.3,0,3.13,52.5,79.23,8.1,0.12,2.19,74,0.82,2.25,4.04,36.5,54.71,16.82,-1245060310,43,14,29
Lebanon,2016,0.6755102040816326,1.55,3.83,1225.22,7.91,17248.19,107949846419.03,7.15,0,3.13,52.5,79.51,7.9,0.21,2.82,76.11,0.83,2.3,4.32,36.6,54.47,18.02,-1358085033,43,14,29
Lebanon,2017,0.07542857142857141,0.78,3.25,1245.02,7.79,17808.08,108794029331.9,7.15,0,3.13,52.5,79.65,7.7,0.24,7.61,78.18,0.91,2.34,4.22,36.2,54.35,15.06,-1383795956,43,14,29
Lebanon,2018,1.320675105485232,-1.7,0.91,1385.16,8.67,17970.94,106942164772.56,8.05,0,4.69,52.5,79.73,7.6,0.18,2.35,80.9,0.68,3.07,4.8,36.4,54.42,15.64,-1381766457,43,14,29
Lebanon,2019,0.40857142857142853,-7.16,-4.44,1288.81,8.65,17172.2,99288049817.8,8.14,0,4.69,52.5,79.24,7.4,0.05,3.89,80.9,0.83,2.34,4.16,35.9,54.33,15.21,-1628856794,43,14,29
Liberia,2015,2.208670520231214,-0.02,-2.03,133.6,10.64,1581.06,7292346348.39,11.02,19.45,10.96,63.75,59.15,64.6,0.04,4.45,10,0.27,3.4,6.32,35.3,39.96,1.29,-113926590,60,27,33
Liberia,2016,2.036,-1.55,-3.52,135.06,9.85,1525.46,7178953380.43,11.02,20.11,10.96,78.75,60.42,63.2,0.04,7.03,15.7,0.95,4.9,10.35,35.3,39.98,1.27,-350787218,60,27,33
Liberia,2017,1.4679012345679012,2.46,0.52,139.9,9.09,1533.41,7355207879.35,8.34,21.32,9.86,78.75,60.55,62.1,0.04,7.03,16.3,0.21,4.69,10.18,38,43.58,1.23,-97627066,60,27,33
Liberia,2018,0.5866666666666667,1.16,-0.76,138.61,9.04,1521.73,7440349935.94,8.15,13.09,12.33,81.25,60.85,60.9,0.04,4.45,18.9,0.38,4.79,10.41,35.3,43.54,1.27,-18961453,60,27,33
Liberia,2019,1.255,-2.47,-4.34,126.02,8.47,1455.64,7256774357.91,13.72,14.24,12.33,81.25,61.1,59.6,0.04,4.45,22,0.19,4.75,10.84,40.8,43.23,1.25,-39491108,60,27,33
Libya,2015,-0.48333333333333334,-0.84,-2.36,324.62,6.16,19108.94,118327070778.13,13.77,28.01,15.96,50,71.7,11.4,0.05,3.89,43.3,0,3.02,3.52,26,32.61,21.92,150792850,10,1,9
Libya,2016,-1.530188679245283,-1.49,-2.9,322.55,5.24,18554.48,116562883827.05,16.86,22.07,15.96,50,71.76,10.9,0.17,1.06,74.88,0,3.57,19.88,26.8,32.48,13.35,553806766,10,1,9
Libya,2017,0.5791666666666666,32.49,30.5,322.55,5.48,24212.91,154436265462.74,18.94,38.11,15.96,50,72.48,10.6,0.18,0.73,70.4,0,2.98,19.91,27.5,32.51,13.43,609771901,10,1,9
Libya,2018,0.3833333333333333,7.94,6.28,322.55,5.48,25734.17,166700617401.44,16.86,43.79,15.96,50,72.79,10.2,0.15,1.41,70.4,0,8.31,19.9,26.8,32.74,10.98,709042111,10,1,9
Libya,2019,1.2916666666666667,-11.2,-12.43,324.62,4.97,22535.45,148037325396.09,14.09,44.97,15.96,50,72.46,9.9,0.05,3.89,44.33,0,3.02,12.42,26.8,32.69,9.34,363245005,10,1,9
Lithuania,2015,2.3389312977099235,2.02,2.99,1861.01,6.49,30748.2,89320742945.65,12.29,0.36,23.4,93.75,74.32,4,1.04,12.78,71.38,3.95,5.1,3.99,37.4,78.99,3.31,706263574,89,38,51
Lithuania,2016,2.236125654450262,2.52,3.83,2038.2,6.64,31925.8,91570579072.68,12.03,0.34,21.28,93.75,74.67,3.8,0.84,12.64,74.38,3.86,5.5,4.38,38.4,79.22,4.44,934848084,89,38,51
Lithuania,2017,2.2680451127819548,4.28,5.75,2178.09,6.48,33761.87,95492177900.25,11.77,0.41,21.28,93.75,75.48,3.6,0.9,12.58,77.62,4.08,5.76,5.86,37.3,80.63,5.28,1132683275,89,38,51
Lithuania,2018,2.340084388185654,3.99,4.99,2443.35,6.53,35446.71,99305476902.73,11.74,0.38,21.28,93.75,75.68,3.3,0.94,12.1,79.72,3.48,4.89,5.74,35.7,80.96,5.93,1192931643,89,38,51
Lithuania,2019,2.3793650793650793,4.63,4.9,2796.82,7.01,37184.45,103898457632.23,11.75,0.33,21.28,93.75,76.28,3.1,0.99,12.03,81.58,3.44,5.08,5.72,35.3,81.62,5.91,695090043,89,38,51
Malaysia,2015,1.2344,5.09,3.53,946.98,3.82,24151.26,750351436891.77,19.81,6.71,10.36,50,75.09,7,1.28,48.47,71.06,30.05,24.01,7.6,41.1,78.61,6.09,4686245649,53,22,31
Malaysia,2016,1.0153846153846153,4.45,2.93,941.55,3.69,24859.8,783740435547.32,20.94,5.09,10.36,50,75.29,7,1.42,49.05,78.79,30.53,24.7,7.24,36.9,78.27,6.1,5954320634,53,22,31
Malaysia,2017,-1.1363636363636365,5.81,4.33,987.58,3.7,25935.14,829297091479.3,21.32,6.31,10.36,50,75.48,6.9,1.42,51.12,80.14,31.02,25.22,7.22,41.1,78.77,5.02,4588412382,53,22,31
Malaysia,2018,-0.8923076923076924,4.84,3.47,1058.13,3.75,26835.81,869460670911.98,19.64,8.07,13.9,50,75.64,6.9,1.04,53.18,81.2,33.14,25.05,7.04,41.2,81.34,4.21,6433128388,53,22,31
Malaysia,2019,-2.216,4.41,3.12,1132.99,3.83,27674.4,907831624100.44,17.69,6.57,14.41,50,75.76,6.7,1.42,51.59,84.19,32.5,24.15,7.29,37.6,81.47,3.8,6573355584,53,22,31
Mexico,2015,-0.90859375,3.29,2.09,1047.35,5.72,19542.89,2348076207005.29,19.02,2.2,42.37,88.75,74.68,13.9,0.43,19.57,57.43,16.02,16.35,0.7,46.7,71.64,1.7,110848383640,60,27,33
Mexico,2016,1.1701724137931033,2.63,1.47,1073.13,5.55,19830.96,2409843112983.73,17.94,1.98,42.4,88.75,74.41,13.5,0.39,20.64,59.54,16,16.43,0.44,47.7,72.37,1.81,112291995360,60,27,33
Mexico,2017,0.8898345153664302,2.11,1.02,1076.31,5.46,20032.41,2460766209923.96,17.58,2.49,42.6,88.75,74.14,13.1,0.33,21.17,63.85,15.94,15.05,0.29,46.7,72.54,1.7,120640704840,60,27,33
Mexico,2018,2.6079646017699116,2.19,1.23,1089.61,5.38,20278.22,2514779898431.96,16.58,2.97,48.2,88.75,74.02,12.6,0.31,20.89,65.77,15.05,15.16,0.24,46.7,72.31,1.86,129503601920,60,27,33
Mexico,2019,2.1331658291457285,-0.2,-1.05,1110.94,5.43,20064.5,2509774285066.56,17.94,2.33,48.2,88.75,74.2,12.2,0.28,20.41,70.07,14.83,15.83,0.23,46.7,72.36,2.02,152698207280,60,27,33
Morocco,2015,0.4142857142857142,4.34,3.02,361.25,5.07,7687.69,270393633307.69,4.65,2.86,16.96,73.13,72.92,20.3,0.12,3.7,57.08,2.21,4.02,9.79,40.6,67.4,10.42,-1488549796,37,13,24
Morocco,2016,1.8384615384615384,0.52,-0.72,378.43,5.24,7632.19,271802885742.3,14.55,3.14,20.51,73.13,73.28,19.2,0.03,3.74,58.27,2.25,3.94,9.39,36.6,69.24,10.44,-1858004577,37,13,24
Morocco,2017,0.9,5.06,3.79,388.71,5.23,7921.62,285550398889.94,13.66,3.55,20.51,73.13,73.66,18.3,0.18,3.86,61.76,2.14,3.95,8.61,37.9,69.21,10.59,-2074732533,37,13,24
Morocco,2018,1.617391304347826,3.07,1.9,413.17,5.33,8072.09,294304349946.66,14.55,2.94,20.51,75.63,73.99,17.5,0.12,4.02,64.8,2.1,3.94,8.94,36.4,71.67,10.49,-2555404083,37,13,24
Morocco,2019,2.6865384615384613,2.89,1.8,424.5,5.31,8217.6,302812614423.12,15.47,0.34,20.51,75.63,74.27,16.7,0.12,4.85,84.12,2.43,4.03,8.2,35.9,73.38,10.47,-2740828800,37,13,24
Myanmar,2015,1.9848484848484849,3.28,2.45,224.89,5.48,3748.29,192976988566.37,8.73,6.97,12.69,58.75,65.56,40.7,0.09,0.47,10.9,0.04,3.46,9.36,38.1,42.12,17.77,-142422264,9,0,9
Myanmar,2016,1.9349112426035502,10.51,9.64,206.13,5.11,4109.56,213254587482.14,9.68,6.46,9.93,58.75,65.69,39.4,0.09,7.53,16,1.64,3.08,5.79,38.1,42.67,17.45,-78707101,9,0,9
Myanmar,2017,0.9767857142857143,5.75,4.95,214.63,5.08,4312.95,225516863812.2,9.93,7.64,10.16,58.75,65.84,38.1,0.03,6.03,23.62,0.19,3.75,2.96,30.7,42.97,17.54,-58159723,9,0,9
Myanmar,2018,-0.3363636363636364,6.4,5.64,222.52,4.9,4556.28,239961167803.76,10.39,7.12,10.16,58.75,66.47,37,0.06,3.62,28.7,0.55,2.89,1.41,35.1,43.48,11.22,-17329786,9,0,9
Myanmar,2019,0.7636363636363636,6.75,6,226.83,4.68,4829.54,256159650802.76,10.56,5.58,11.32,58.75,66.61,35.8,0.09,2.76,34.9,0.59,3.08,2.24,38.1,46.83,10.81,15892923,9,0,9
Netherlands,2015,1.6870967741935483,1.96,1.51,5203.8,10.32,52974.12,897377449761.46,12.21,0.43,37.33,97.5,81.51,3.5,2.15,24.05,91.72,10.65,13.08,8.68,28.2,75.52,2.59,-19912695697,97,39,58
Netherlands,2016,0.5707317073170731,2.19,1.65,5398.93,10.29,53847.83,917045394441.44,12.81,0.26,37.33,97.5,81.56,3.5,2.15,23.99,90.41,10.74,13.27,9.87,28.2,75.57,2.72,-17988322028,97,39,58
Netherlands,2017,0.525,2.91,2.3,5602.59,10.11,55088.63,943739691874.96,12.42,0.31,36,97.5,81.76,3.5,2.18,22.9,93.2,10.49,13.55,9.32,28.5,76.08,2.78,-16358518054,97,39,58
Netherlands,2018,-0.44871794871794873,2.36,1.76,6009.47,10.03,56060.91,966020584715.91,12.91,0.37,36,97.5,81.81,3.5,2.14,22.49,91.89,10.18,13.19,9.11,28.1,76.1,2.93,-15010837598,97,39,58
Netherlands,2019,0.5254545454545454,1.96,1.29,6248.15,10.13,56784.04,984911971364.29,12.51,0.25,31.33,97.5,82.11,3.5,2.18,23.03,93.29,10.27,13.54,9.24,29.2,76.1,3.21,-15703763450,97,39,58
New Zealand,2015,3.2390243902439027,3.74,1.65,3475.54,9.28,41020.31,189079028788.09,16.37,1.3,31.4,91.88,81.46,4.6,1.23,10.11,85.2,1.08,7.84,4.33,33.3,87.13,2.97,-235543884,99,40,59
New Zealand,2016,2.390322580645161,3.77,1.46,3734.82,9.24,41620.35,196202482341.06,16.83,1.03,31.4,94.38,81.61,4.4,1.35,10.88,86.5,1.03,7.52,4.54,33.1,87.17,3.09,-268636294,99,40,59
New Zealand,2017,0.377027027027027,3.58,1.44,3875.54,9.02,42218.54,203223153144.15,16.64,1.51,38.33,94.38,81.66,4.3,1.35,9.25,87.7,1.02,7.57,4.19,32.6,87.02,3.2,-500907757,99,40,59
New Zealand,2018,1.8694736842105262,3.36,1.52,4095.71,9.21,42862.07,210049865029.68,16.08,1.45,38.33,94.38,81.86,4.2,1.35,9.81,89,1.04,7.29,4.24,33.7,87,3.35,-545721348,99,40,59
New Zealand,2019,0.8307692307692307,2.19,0.58,4439.35,9.74,43110.37,214655160463.61,13.48,1.52,40.83,94.38,81.71,4.1,1.41,9.87,90.2,1.03,7.42,5.04,30.2,86.76,3.59,-464519332,99,40,59
Nigeria,2015,1.8015105740181268,2.65,0.08,194.37,3.58,5429.1,998931446583.03,9.26,5.07,5.56,63.13,51.84,79.3,0.25,11.91,24.5,0,4.7,2.44,35.9,48.37,3.78,-3140968898,43,20,23
Nigeria,2016,1.308171206225681,-1.62,-4.05,190.95,3.65,5209.07,982780034192.26,6.65,4.79,5.56,63.13,52.04,78.3,0.21,2.35,25.67,0.03,3.93,3.14,35.3,48.47,4.44,920932489,43,20,23
Nigeria,2017,0.9336,0.81,-1.71,194.81,3.75,5120.01,990700126987.35,6.12,8.57,5.56,63.13,52.31,77.1,0.24,2.33,28,0,3.27,5.77,35.1,52.03,3.59,2968228144,43,20,23
Nigeria,2018,1.4024896265560165,1.92,-0.59,163.21,3.09,5089.78,1009748886411.97,5.94,11.48,5.56,63.13,52.55,75.5,0.25,1.93,31.9,0,3.08,4.79,35.1,53.4,3.95,1038330043,43,20,23
Nigeria,2019,1.1564705882352941,2.21,-0.26,162.31,3.03,5076.37,1032048476445.27,5.85,9.36,3.38,63.13,52.91,73.9,0.03,1.48,33.6,0,3.72,4.28,35.9,56.88,3.67,-531999385,43,20,23
Norway,2015,1.171875,1.97,0.96,6142.44,10.13,62987.52,326817467916.11,15.61,5.33,39.64,96.88,82.3,2.2,1.94,22.26,96.81,1.08,6.62,5.27,27.5,81.83,3.11,-179451792,100,40,60
Norway,2016,0.914074074074074,1.07,0.19,6271.01,10.59,63104.08,330319509832.65,15.84,4.12,39.64,96.88,82.41,2.1,2.04,20.95,97.3,1.11,6.88,5.67,28.5,82.36,3.21,-981160863,100,40,60
Norway,2017,1.637878787878788,2.32,1.5,6630.84,10.32,64050.76,337993790660.97,15.94,5.9,41.42,96.88,82.61,2.1,2.1,21.6,96.36,1.08,6.5,5.64,27,82.66,3.46,-1029353940,100,40,60
Norway,2018,1.5094117647058822,1.12,0.45,7009.25,10.02,64341.26,341775361449.66,15.92,8.06,41.42,96.88,82.76,2,2.05,21.12,96.49,0.92,6.67,5.75,27.6,82.92,3.59,-813072784,100,40,60
Norway,2019,1.3146341463414635,0.75,0.07,7217.39,10.52,64385.01,344324316009.16,15.67,6.93,40.83,96.88,82.96,1.9,2.15,22.49,98,1.13,6.62,6.34,27.7,82.63,3.68,-2274834826,100,40,60
Pakistan,2015,0.9668055555555555,4.73,3.38,117.51,2.69,4552.61,960460018888.77,13.19,1.23,20.59,46.88,65.7,62.2,0.25,1.6,11,0.24,4.9,13.38,31.3,50.37,17.96,1744813059,37,15,22
Pakistan,2016,0.737037037037037,5.53,4.26,127.58,2.89,4746.72,1013542107027.34,15.06,0.86,20.59,46.88,65.88,60.6,0.24,1.96,12.39,0.3,4.95,17.29,32.4,52.47,18.03,1422920322,37,15,22
Pakistan,2017,0.698343685300207,4.43,3.05,132.67,2.9,4891.72,1058468637040.17,14.54,0.98,20.59,50,66.3,59,0.24,2.18,13.78,0.2,4.69,15.94,32.4,53.02,17.72,778469171,37,15,22
Pakistan,2018,0.4248508946322067,6.15,4.53,155.46,3.2,5113.43,1123582479821.53,12.19,1.23,20.23,52.5,66.48,57.4,0.24,2.17,15.34,0.16,3.93,19,29.6,55.46,19.09,868353647,37,15,22
Pakistan,2019,2.0416815742397136,2.5,0.86,165.55,3.38,5157.55,1151645490770.2,11.59,1.14,20.23,52.5,66.76,55.9,0.2,2.3,17.07,0.07,4.75,22.01,32.4,60.95,18.7,1425679307,37,15,22
Panama,2015,2.559090909090909,5.73,3.91,1724,6.81,28512.92,112828466281.62,7.86,0.13,18.31,76.88,77.47,14.6,0.12,0,51.21,7.22,8.09,2.41,50.8,64.73,4.25,-3008260362,83,35,48
Panama,2016,2.52258064516129,4.95,3.15,2037.56,7.32,29410.64,118417098761.65,7.47,0.13,18.31,76.88,77.65,14.1,0.14,1.16,54,8.71,9.25,2.45,50.4,64.72,4.49,-2865502869,83,35,48
Panama,2017,1.125,5.59,3.79,2103.31,6.91,30526.38,125037975047.5,8.68,0.12,18.31,79.38,77.8,13.7,0.15,0.29,59.95,11.12,7.83,2.21,49.9,66.46,5.29,-2973765192,83,35,48
Panama,2018,1.8580645161290323,3.69,1.96,2308.35,7.28,31125.62,129646162013.63,8.68,0.1,18.31,79.38,77.86,13.2,0.15,0.13,61.81,7.22,8.09,2.16,49.2,66.87,5.6,-3176473554,83,35,48
Panama,2019,0.711764705882353,2.98,1.34,2490.95,7.58,31543.61,133509322050.18,10.09,0.32,21.13,79.38,77.81,12.8,0.15,0.3,63.63,7.22,8.09,2.17,49.8,66.56,7.04,-3175916144,83,35,48
Peru,2015,1.54,3.25,2.05,580.98,4.98,12015.19,369008781843.16,17.57,3.87,22.31,92.5,75.62,12.8,0.12,5.31,40.85,0.15,9.58,2.12,43.4,67.22,7.73,-3234440068,70,29,41
Peru,2016,0.9329545454545454,3.95,2.55,606.99,4.97,12321.32,383596875076.52,17.87,4.42,27.69,95,75.79,12.5,0.12,4.8,45.46,0.1,9.69,1.91,43.6,67.52,6.2,-1095046791,70,29,41
Peru,2017,1.8597826086956522,2.52,0.99,624.02,4.92,12442.75,393259049121.63,18.24,5.94,27.69,95,75.88,12.2,0.12,5.12,50.45,0.09,8.86,1.65,43.3,67.76,5.87,-1554440411,70,29,41
Peru,2018,1.8213333333333332,3.97,2.04,690.16,5.2,12696.24,408868882462.97,17.13,5.94,27.69,95,76.01,11.9,0.13,4.68,55.05,0.08,8.31,1.7,42.4,68.27,5.49,-1722690737,70,29,41
Peru,2019,1.4212121212121211,2.24,0.31,711.63,5.22,12735.17,418030128535.98,17.76,4.15,30,95,76.16,11.6,0.16,4.08,59.95,0.06,8.33,1.68,41.6,68.7,5.6,-3373564712,70,29,41
Philippines,2015,1.6621951219512194,6.35,4.59,280.16,3.9,7235.08,745440312681.17,16.34,0.79,27.24,78.75,71.27,23.4,0.16,4.98,36.9,42.91,27.47,11.91,44.6,58.23,6.07,871037161,58,25,33
Philippines,2016,0.04887955182072828,7.15,5.27,304.67,3.95,7616.05,798735245433.43,17.11,0.66,29.79,78.75,71.39,23.1,0.32,60.32,39.2,43.21,23.98,17.6,42.3,59.26,5.61,989755587,58,25,33
Philippines,2017,1.054978354978355,6.93,5.06,321.62,3.96,8001.76,854095492048.79,19.83,0.93,29.45,78.75,71.52,22.7,0.33,60.32,41.6,35.87,19.76,16.19,42.3,59.33,6.54,1796873320,58,25,33
Philippines,2018,0.8700534759358288,6.34,4.55,344.91,3.95,8365.73,908257834444.2,18.74,1.04,29.45,78.75,71.69,22.2,0.32,61.35,44.1,38.32,22.06,15.47,42.3,60.87,3.93,2747045802,58,25,33
Philippines,2019,0.5413223140495868,6.12,4.38,379.24,4.08,8731.86,963829823124.88,18.14,0.73,27.96,78.75,71.87,21.6,0.28,62.25,43.03,49.02,20.94,14.78,38.8,62.83,4.25,3018235608,58,25,33
Poland,2015,1.606849315068493,4.38,4.45,1716.9,6.39,27667.69,1050996236612.72,11.54,1.29,27.39,84.38,77.45,4.2,1,10.77,68,8.12,9.79,9.97,31.8,76.93,5.13,902592035,81,34,47
Poland,2016,1.64875,2.95,3,1850.92,6.53,28497.1,1082037503386.78,11.27,2.01,27.39,84.38,77.85,4.1,0.96,10.71,73.3,7.14,9.24,10.93,31.2,77.68,4.72,921255519,81,34,47
Poland,2017,2.2575301204819276,5.14,5.13,1972.37,6.56,29958.12,1137654421219.15,11.04,3.05,28.04,93.75,77.75,4,1.03,10.67,75.99,6.92,9.06,11.05,29.7,77.86,4.59,1612004261,81,34,47
Poland,2018,1.3414141414141414,5.95,5.95,2023.38,6.33,31739.26,1205290348309.06,11.11,2.72,28.04,93.75,77.6,3.9,1.21,10.39,77.54,6.91,8.52,11.74,30.2,76.93,4.93,1907693011,81,34,47
Poland,2019,2.722568093385214,4.45,4.48,2206.54,6.45,33159.75,1258925622713.01,11.99,0.68,28.7,93.75,77.9,3.8,1.32,9.85,80.44,6.55,8.35,12.26,28.8,76.38,4.72,1462133319,81,34,47
Qatar,2015,2.473737373737374,4.75,-3.93,2789.95,3,101971.99,246218812863.69,8.56,18.6,0,29.38,80.06,6.6,0.52,1.1,92.88,0.08,5.77,3.62,49.2,66.49,12.72,-2660222738,25,7,18
Qatar,2016,1.0170212765957447,3.06,-4.11,2698.73,3.25,97783.12,253763429745.09,9.85,14.11,0,29.38,80.43,6.3,0.53,0,95.12,0,5.44,4.18,27.2,65.42,13.35,-3916854633,25,7,18
Qatar,2017,2.947058823529412,-1.5,-5.73,2731.58,2.98,92177.6,249963056688.56,8.56,16.58,9.76,29.38,80.72,5.9,0.52,0.01,97.39,0,5.41,3.49,27.5,66.03,12.72,-4006242320,25,7,18
Qatar,2018,2.4084615384615384,1.23,-0.78,2446.27,2.63,91461.62,253049780990.65,8.56,20.21,9.76,29.38,80.9,5.5,0.53,1.8,99.65,0,4.99,4.28,26.8,66.71,12.33,-5057540047,25,7,18
Qatar,2019,2.4837662337662336,0.77,-0.68,2736.82,2.91,90840.43,255010431902.45,8.64,17.33,9.76,29.38,80.99,5.2,0.53,0,99.65,0,5.62,4.63,26.8,68.67,12.72,-4501713302,25,7,18
Romania,2015,2.5458646616541354,3.16,3.65,1065.93,4.95,23933.19,474250837782.68,9.09,0.98,13.72,90.63,74.91,7.7,0.49,9.41,55.76,3.66,7.28,15.92,35.9,72.72,4.25,414584037,83,35,48
Romania,2016,2.487313432835821,2.86,3.45,1210.83,5,24758.71,487802773897.5,9.51,0.7,13.72,90.63,75.21,7.1,0.48,10.39,59.5,3.38,7.35,17.89,34.4,72.85,4.49,352645757,83,35,48
Romania,2017,2.6231404958677684,8.2,8.82,1398.55,5.15,26943.35,527785559982.29,10.05,0.93,20.67,90.63,75.31,6.6,0.5,9.78,63.75,2.99,7.1,18.45,36,73.04,5.59,20866781,83,35,48
Romania,2018,2.574725274725275,6.03,6.65,1672.6,5.56,28736.09,559605851890.76,10.46,1.12,20.67,90.63,75.36,6.1,0.5,10.08,70.68,2.92,7.14,20.15,35.8,72.51,5.65,502541444,83,35,48
Romania,2019,2.5839285714285714,3.85,4.4,1906.59,5.74,30000.98,581168382185.87,10.6,0.85,21.88,90.63,75.61,5.8,0.48,11.07,73.66,3.2,7.09,20.66,34.8,73.33,5.51,534990176,83,35,48
Russian Federation,2015,1.6334614515035044,-1.97,-2.18,1288.07,5.3,25488.1,3731610175003.83,10.87,10.08,13.56,73.13,71.18,6.6,1.1,15.95,70.1,0.81,9.14,7.62,37.7,74.1,13.81,414584037,83,35,48
Russian Federation,2016,2.1533986721466962,0.19,0.01,1288.6,5.29,25490.71,3738837933428.46,10.99,8.49,12.67,73.13,71.65,6.1,1.1,15.75,73.09,0.6,8.4,7.71,36.8,75.26,14.83,352645757,84,35,49
Russian Federation,2017,1.2902799268532845,1.83,1.71,1406.2,5.36,25926.44,3807101264909.28,13.47,10.56,15.78,73.13,72.45,5.6,1.11,12.29,76.01,0.63,8.67,8.09,37.2,76.54,12.2,200743671,83,35,48
Russian Federation,2018,1.0997497112052368,2.81,2.82,1570.78,5.36,26656.41,3913975940441.31,14.34,15.34,15.78,73.13,72.66,5.1,0.99,11.32,80.86,0.47,9.91,8.14,37.5,77.4,11.4,502541444,83,35,48
Russian Federation,2019,0.5856367924528302,2.2,2.24,1704.04,5.65,27254.57,4000008095032.46,9.29,12.99,15.78,73.13,73.08,4.7,1.04,12.87,82.64,0.53,9.36,8.86,37.7,78.16,11.4,271799697,88,35,49
Saudi Arabia,2015,1.8159879336349924,4.11,2.12,2915.86,6,47379.36,1551666717093.87,19.36,24.48,19.87,31.88,76.92,7.8,0.18,0.79,69.62,0.16,7.48,1.74,25.6,59.16,32.65,-1155878648,8,1,7
Saudi Arabia,2016,1.6106145251396649,1.67,-0.36,2654.3,5.84,47210.23,1577589858320.33,24.95,20.17,19.87,31.88,77.06,7.4,0.18,1.3,74.88,0.22,6.48,1.58,27.2,59.44,25.52,-1511808644,8,1,7
Saudi Arabia,2017,2.6145993413830952,-0.74,-3,2962.58,6.26,45795.51,1565891581197.72,22.26,24.31,19.87,31.88,77.16,6.9,0.18,0.73,94.18,0.15,7.7,1.87,25.6,62.08,30.7,845754124,8,1,7
Saudi Arabia,2018,1.8704294478527608,2.51,0.1,2802.5,5.75,45840.84,1605260691792.46,19.36,30.09,19.87,38.13,77.21,6.6,0.18,0.54,93.31,0.09,7.52,5.65,25.3,63.85,25.94,8831881757,8,1,7
Saudi Arabia,2019,1.147142857142857,0.33,-1.93,2789.56,5.69,44954.99,1610618743053.92,19.07,25.17,19.87,70.63,77.3,6.3,0.18,0.65,95.72,0,7.95,6.51,25.3,70.87,23.15,-2190855321,8,1,7
Serbia,2015,1.6264150943396225,1.81,2.31,1312.15,8.81,15578.23,110533522438.03,8.88,1.28,34,93.75,75.29,5.5,0.81,5.79,65.32,1.21,3.96,14.29,40.5,69.96,4.28,-33993093,60,20,40
Serbia,2016,1.4666666666666666,3.34,3.88,1338,8.46,16182.85,114223779989.51,8.69,1.18,34,93.75,75.69,5.3,0.84,6.14,67.06,1.28,3.42,16.17,38.8,73.28,4.17,-87041504,60,20,40
Serbia,2017,1.488888888888889,2.1,2.65,1366.07,8.22,16611.05,116623808759.79,9.26,1.55,34.4,93.75,75.54,5.1,0.87,7.55,70.33,1.14,3.53,17.13,36.2,73.75,4.58,-55360828,60,20,40
Serbia,2018,0.38064516129032255,4.5,5.07,1556.73,8.53,17452.83,121866190419.79,8.8,1.56,34.4,93.75,75.89,5,0.92,10.08,73.36,1.03,3.63,18.73,35,73.92,3.97,-207432494,60,20,40
Serbia,2019,2.307142857142857,4.33,4.89,1686.07,8.67,18306.81,127145110728.91,8.6,1.23,37.65,93.75,75.94,4.9,0.89,9.79,77.42,1.04,3.82,20.52,34.5,75.65,5.27,-249038433,60,20,40
Singapore,2015,1.8906976744186046,2.98,1.76,3598.99,4.18,89160.73,493504803147.71,19.69,0,23.91,82.5,82.74,2.2,2.17,52.21,83.2,32.4,26.98,5.79,39.7,84.89,20.95,-9255432528,47,19,28
Singapore,2016,1.9357843137254902,3.56,2.23,3894.94,4.39,91146.1,511081953803.75,18.51,0,23.76,82.5,82.85,2.2,2.07,52.23,84.45,32.8,28.1,7.98,35.3,85.44,19.96,-7868912771,47,19,28
Singapore,2017,2.4184397163120566,4.66,4.57,4091.44,4.36,95310.33,534905707125.68,20.06,0,23,82.5,83.1,2.2,1.9,53.07,84.45,32.02,27.88,7.54,38.2,85.57,21.63,-10482711800,47,19,28
Singapore,2018,2.303164556962025,3.66,3.18,4035.61,4.09,98336.96,554490236495.8,20.79,0,23,82.5,83.3,2.1,1.81,51.56,88.17,29.57,26.61,7.18,41.1,85.84,20.03,-10229537202,47,19,28
Singapore,2019,1.6806896551724138,1.1,-0.05,4102.27,4.08,98283.31,560565633905.58,19.47,0,23,82.5,83.6,2,1.89,51.81,88.95,29.3,26.87,6.24,34.9,86.2,19.77,-9507600342,47,19,28
Somalia,2015,1.3128205128205128,15.05,11.25,138.61,9.09,1029.7,14172683247.15,1.42,24.87,13.82,46.88,54.86,83.7,0.34,9.42,1.76,2.51,3.57,3.52,35,20.24,6.24,-47605637,8,2,6
Somalia,2016,-1.4027027027027028,8.53,4.52,138.61,9.09,1076.2,15381938113.4,1.31,25.76,24.36,46.88,55.04,81.4,0.17,7.03,1.88,0.03,5.54,7.74,42.8,20.29,6.24,-38148948,8,2,6
Somalia,2017,-2.9397959183673468,2.35,-1.58,138.61,9.09,1059.14,15743349479.85,1.7,23.26,24.36,46.88,55.65,79.1,0.43,7.03,2,0.11,3.39,6.69,44.1,19.98,6.24,-75840271,8,2,6
Somalia,2018,-5.965573770491804,7.53,3.72,138.61,9.09,1098.49,16928976288.55,3,13.4,24.36,46.88,56.38,77.1,0.43,5.3,2,2.51,4.9,3.52,42.8,20.04,6.24,-52043398,8,2,6
Somalia,2019,-1.8318840579710145,7.46,3.62,136.24,9.04,1138.29,18191289052.57,4.26,14.05,24.36,46.88,57.08,74.9,0.43,7.03,2,7.46,4.9,3.52,44.1,20.04,6.24,-110820789,8,2,6
South Africa,2015,2.282608695652174,1.32,-0.76,1103.37,8.79,13887.21,775968813043.72,18.7,2.57,42,88.13,63.95,29.4,0.73,7.41,51.92,1.42,8.93,3.53,46.7,66.24,3.34,-187231438,79,33,46
South Africa,2016,-0.5946902654867257,0.66,-0.31,1110.76,8.82,13844.28,781125531699.06,18.05,3.31,42,88.13,64.75,28.9,0.75,6.66,54,1.37,8.61,3.74,43.6,65.41,3.25,232238648,79,33,46
South Africa,2017,0.7916666666666666,1.16,0.77,1107.89,8.72,13950.45,790170550983.23,18.72,3.49,41.84,88.13,65.4,28.3,0.76,5.68,56.17,1.1,8.11,3.85,44.6,65.33,3.16,818912448,79,33,46
South Africa,2018,-0.38880000000000003,1.52,0.29,1145.87,8.86,13990.31,802199549491.68,18.9,3.4,42.75,88.13,65.67,27.8,0.69,5.27,62.4,0.97,7.91,3.74,42.6,66.7,2.97,509667084,79,33,46
South Africa,2019,-0.036,0.3,-0.99,1187.33,9.11,13852.21,804633849971.88,19.6,3.74,46.35,88.13,66.18,27.3,0.62,4.89,68.2,0.92,8.01,4.35,42.9,67.02,2.79,142164894,79,33,46
South Sudan,2015,1.7408163265306122,-10.79,-10.64,84.44,6.28,3756.51,96851610488.44,3.28,11.19,26.51,49.38,55.57,63.8,0.04,4.86,3,0.03,1.65,2.7,35,32.84,25.63,-20031769,1,-3,4
South Sudan,2016,-0.23703703703703707,2.65,-0.25,84.44,6.28,3756.51,96851610488.44,0.83,0.72,28.46,49.38,55.54,63.8,0.04,3.12,3.5,0.03,2.26,1.86,44.1,32.69,8.24,-10291003,1,-3,4
South Sudan,2017,1.6919354838709677,2.26,-0.35,84.44,8.24,4830.78,491630958145.9,1.07,6.02,28.46,49.38,55.31,63.8,0.04,6.02,4.1,0.03,3.39,1.57,42.8,31.64,6.24,-11475522,1,-3,4
South Sudan,2018,0.44999999999999996,2.65,-0.25,64.22,6.28,3756.51,96851610488.44,0.87,6.02,28.46,67.5,55.95,63.8,0.04,3.89,4.8,0.03,3.39,0.99,42.7,33.64,9.83,-24885393,1,-3,4
South Sudan,2019,-0.16363636363636366,2.65,-0.25,62.99,6.04,5467.21,491630958145.9,9.35,6.02,28.46,67.5,55.91,63.8,0.04,3.89,5.6,0.03,3.39,0.22,42.8,34.62,7.93,38976269,1,-3,4
Spain,2015,2.2429687499999997,3.84,3.92,3184.99,9.13,37373.95,1735826862236.57,9.77,0.05,41.14,97.5,82.83,2.8,1.22,6.89,78.69,1.25,5.05,8.93,36.2,75.93,2.9,1460112626,90,37,53
Spain,2016,1.876923076923077,3.04,2.95,3341.17,8.95,38476.79,1788557361802.7,9.96,0.04,39.14,97.5,83.33,2.7,1.19,7.8,80.56,1.37,4.98,8.97,35.8,77.63,2.68,893940965,90,37,53
Spain,2017,1.7225225225225225,2.98,2.73,3556.87,8.96,39528.93,1841780549395.31,10.21,0.05,39.14,97.5,83.28,2.7,1.21,7,84.6,1.52,5.1,8.74,34.7,77.63,2.99,1077948235,90,37,53
Spain,2018,1.7784615384615385,2.28,1.84,3787.7,8.99,40255.25,1883855462820.11,10.03,0.06,39.14,97.5,83.43,2.7,1.24,6.77,86.11,1.45,4.96,9.25,34.7,77.7,3.01,2071172142,90,37,53
Spain,2019,0.3986842105263158,1.98,1.25,3983.93,9.13,40760.31,1921230518894.26,10.05,0.04,44,97.5,83.83,2.7,1.25,6.85,90.72,1.63,5.08,9.58,34.3,77.94,2.93,581356786,90,37,53
Sudan,2015,1.2559322033898304,1.91,-1.21,322.55,7.27,4718.92,180126686429.94,12.51,4.98,30.52,29.38,64.66,45.3,0.21,1.41,18,0.01,2.22,0.13,35,45.52,21.92,-25854000,10,0,10
Sudan,2016,1.2365079365079363,3.47,0.3,305.39,5.48,4733.02,186372835393.39,12.69,6.67,30.52,29.38,64.78,44.2,0.24,5.62,14.1,0.01,2.26,0.73,42.7,44.82,22.87,-13251000,10,0,10
Sudan,2017,0.9185365853658536,0.71,-2.52,278.69,6.06,4613.95,187694696441.51,12.51,8.07,30.52,29.38,65.45,43.1,0.04,2.35,18.6,0.01,1.65,0.04,42.8,45,25.66,-40822268,10,0,10
Sudan,2018,2.4685714285714284,-2.68,-5.74,202.41,4.44,4349.21,182662731984.26,11.7,9.17,30.52,29.38,65.68,42,0.18,5.62,24.6,0.01,1.59,0.01,42.7,48.02,10.56,-17329786,10,0,10
Sudan,2019,2.340983606557377,-2.18,-4.97,204.54,4.57,4133.13,178683879115.44,12.03,10.7,27.71,29.38,65.88,41,0.04,4.45,25.9,0.01,2.07,0.01,42.8,44.83,8.73,15892923,10,0,10
Sweden,2015,0.6851851851851852,4.49,3.39,5333.4,10.8,50928.96,499062380984.55,15.38,0.48,43.55,100,82.2,2.4,3.22,18.13,90.61,6.92,10.15,22.19,29.2,81.63,2.2,6930001163,100,40,60
Sweden,2016,2.876315789473684,2.07,0.8,5512.93,10.85,51334.43,509395932462.04,15.62,0.71,43.55,100,82.31,2.3,3.25,17.83,89.65,6.78,9.83,20.04,29.6,82.15,2.16,6403861707,100,40,60
Sweden,2017,1.0743589743589743,2.57,1.2,5655.7,10.79,51947.95,522476835542.44,15.69,1.04,43.55,100,82.41,2.3,3.36,15.11,93.01,6.09,9.24,20.18,28.8,82.17,2.12,6781279442,100,40,60
Sweden,2018,1.174074074074074,1.95,0.77,6077.04,10.94,52349.29,532665253199,15.67,1.03,46.13,100,82.56,2.2,3.32,14.16,89.25,5.79,9.17,19.61,30,82.02,2.12,6602570885,100,40,60
Sweden,2019,0.75,1.99,0.96,6222.66,10.87,52850.57,543245028479.23,15.9,0.38,47.28,100,83.11,2.1,3.39,14.5,94.49,6.15,8.99,20.54,29.3,81.99,2.28,8038825396,100,40,60
Switzerland,2015,2.8062780269058294,1.64,0.49,7306.93,11.01,68159.22,564521668602.21,15.39,0.01,32,85.63,82.9,3.7,3.04,27.05,87.48,1.06,4.14,12.17,32.3,76.43,2.01,10341498099,96,39,57
Switzerland,2016,2.7555555555555555,2.07,0.96,7738.63,11.3,68813.64,576199870029.12,15.36,0.01,32,85.63,83.6,3.7,3.03,27.33,89.13,1.06,3.66,12.08,33,76.42,2.05,12401098530,96,39,57
Switzerland,2017,1.1291666666666667,1.36,0.42,7989.64,11.48,69103.57,584052319305.97,15.46,0.01,32.5,85.63,83.55,3.6,3.03,14.02,89.69,1.1,3.91,11.59,32.7,76.61,2.05,15842319524,96,39,57
Switzerland,2018,2.4537037037037037,2.86,2.11,8447.56,11.38,70558.56,600758819311.92,15.53,0.01,32.5,85.63,83.75,3.6,3.03,13.32,91.8,1.11,3.91,10.34,33.1,76.62,2.06,19947418421,96,39,57
Switzerland,2019,2.4258620689655173,1.14,0.42,8532.5,11.29,70857.09,607619378844.65,15.56,0.01,41.5,85.63,83.9,3.5,3.15,12.91,93.15,1.1,3.85,9.52,30.2,76.62,2.18,25065621655,96,39,57
Thailand,2015,0.5015936254980079,3.13,2.64,580.35,3.67,15919.37,1119042505228.28,20.62,2.09,6.09,75,77.72,9.3,0.62,23.91,39.32,16.61,13.88,0.85,36,71.94,6.5,9866707822,30,6,24
Thailand,2016,1.0253164556962024,3.44,2.98,623.79,3.75,16393.31,1157483380202.26,19.8,1.59,6.09,75,78.05,8.9,0.78,24.15,47.5,15.76,14.03,0.82,36.9,72.8,6.77,12229871983,30,6,24
Thailand,2017,2.1264044943820224,4.18,3.75,669.58,3.84,17008.04,1205839343826.68,18.36,1.76,4.8,75,78.39,8.4,1,25.09,52.89,16.11,14.04,0.63,36.5,78.45,6.56,11561741142,30,6,24
Thailand,2018,0.9235294117647059,4.22,3.89,707.59,3.82,17669.05,1256760375191.65,17.17,2.14,5.28,75,78.66,8.1,1.11,23.7,56.82,15.59,13.38,0.78,36.4,79.52,6.44,12756861755,30,6,24
Thailand,2019,1.42,2.15,1.89,731.31,3.79,18003.67,1283801536740.92,17.01,1.67,16.2,78.13,78.98,7.7,1.14,23.54,66.65,14.35,13.07,0.72,34.9,80.09,6.22,13764763175,30,6,24
Uganda,2015,2.9857142857142858,5.19,1.99,113.36,5.11,2108.86,79034506631.05,13.22,10.79,34.97,70,61.09,39.3,0.2,2.3,5.7,1.42,5.24,3.17,40.8,56.63,6.83,-56442049,35,11,24
Uganda,2016,-0.1736842105263158,4.78,1.34,107.92,4.97,2137.21,82813146623.44,12.47,12.73,33.49,70,61.65,37.6,0.14,2.05,6,1.02,4.21,2.09,42.8,57.29,6.93,-48172743,35,11,24
Uganda,2017,0.47857142857142854,3.13,-0.41,87.2,4,2128.4,85406362066.33,12.2,12.14,34.3,70,62.12,36,0.24,2.05,8.1,0.36,4.07,2.38,42.8,57.87,6.74,-27154951,35,11,24
Uganda,2018,0.9733333333333333,6.3,2.75,92.14,4.03,2186.91,90790314035.02,11.25,7.92,34.3,70,62.71,34.4,0.2,3.48,10.9,0.38,4.01,2.14,42.7,58.39,7.41,-73445113,35,11,24
Uganda,2019,-1.074074074074074,6.44,2.89,92.38,3.83,2250.01,96636070870.98,11.47,7.39,34.86,73.13,62.99,33.2,0.27,3.12,14.7,0.54,4.17,1.34,42.7,59.98,9.38,-87415920,35,11,24
Ukraine,2015,2.282058823529412,-9.77,-9.44,753.85,7.78,11216.12,480553554878.69,13.34,2.72,12.09,76.25,71.19,8.1,0.61,8.04,48.88,0.82,4.01,16.92,25.5,64.18,7.55,-1001240986,50,22,28
Ukraine,2016,2.322811059907834,2.44,2.85,802.78,7.55,11536.32,492283780388.95,12.35,2.4,12.02,76.25,71.48,7.8,0.48,6.68,53,0.95,4.88,18.56,25,65.42,7.78,-1264385300,50,22,28
Ukraine,2017,2.4146341463414633,2.36,2.81,842.43,7.43,11860.56,503901541149.97,13.02,2.86,12.29,76.25,71.78,7.6,0.45,6.17,58.89,0.93,5.13,19.38,26,68.09,6.94,-1673459798,50,22,28
Ukraine,2018,2.444787644787645,3.49,4.02,907.95,7.52,12336.93,521479452743.26,12.75,2.6,12.29,79.38,71.58,7.4,0.47,5.42,62.55,0.98,5.8,21.93,26.1,69.07,7.65,-1854580747,50,22,28
Ukraine,2019,0.8575315840621963,3.2,3.79,907.16,7.1,12804.96,538164207981.36,13.16,1.83,20.52,79.38,71.83,7.3,0.43,5.48,70.12,0.83,6.59,24.8,26.6,70.21,8.51,-2060531776,50,22,28
United Arab Emirates,2015,0.7237113402061855,6.79,5.82,2325.82,3.58,68076.64,607032486510.46,6.07,14.04,22.5,26.88,79.22,6.5,0.9,5.3,90.5,2.51,4.9,4.18,26.8,76.29,12.72,-17010971194,18,5,13
United Arab Emirates,2016,1.497590361445783,5.56,4.65,2217.17,3.47,71244.59,640792542127.39,5.16,11.32,22.5,26.88,79.34,6.3,0.96,2.62,90.6,2.09,5.54,4.18,26.8,77.43,13.35,-17420982736,18,5,13
United Arab Emirates,2017,1.7161616161616162,0.74,-0.09,2727.39,4.06,71182.37,645502807620.87,5.5,13.56,22.5,26.88,79.5,6.2,0.96,2.86,94.82,7.46,17.19,4.18,26.8,79.3,12.72,-19229179564,18,5,13
United Arab Emirates,2018,2.680263157894737,1.31,0.52,2843.78,4.15,71550.55,653984158615.1,5.36,17.28,22.5,30,79.63,6,1.28,3.23,98.45,7.06,13.3,3.62,26,81.59,12.72,-16193316323,18,5,13
United Arab Emirates,2019,2.148360655737705,1.11,0.32,2996.36,4.28,71782.15,661232579866.01,12.68,16.87,50,59.38,79.73,5.8,1.31,3.04,99.15,7.8,13.89,4.18,26.8,80.75,12.33,-15916002842,18,5,13
United Kingdom,2015,1.7018358531317495,2.39,1.58,4231.58,9.9,44948.34,2926865688766.75,13.49,0.33,29.38,97.5,80.96,3.9,1.63,22.32,92,4.1,8.29,8.01,33.3,83.34,5.08,9364521715,93,39,54
United Kingdom,2016,1.3305893358278764,2.17,1.39,4374.49,9.87,45574.85,2990238366433.56,13.45,0.28,29.58,97.5,81.16,3.8,1.64,23.55,94.78,4.5,7.63,7.86,33.1,83.34,5.01,1369470213,93,39,54
United Kingdom,2017,1.1557206537890043,2.44,1.75,4515.59,9.81,46372.39,3063306948134.75,13.76,0.42,32,97.5,81.26,3.8,1.66,22.61,90.42,4.25,7.77,7.94,32.6,83.22,4.96,-2305863371,93,39,54
United Kingdom,2018,1.0512039660056658,1.71,1.09,4830.18,9.9,46878.13,3115536975578.92,13.34,0.66,32.15,97.5,81.26,3.8,1.7,22.32,90.69,3.87,8.08,7.91,33.7,83.55,5,-42552872,93,39,54
United Kingdom,2019,1.3517824773413896,1.6,1.03,5087.38,10.15,47362.26,3165519804705.84,13.55,0.58,32,97.5,81.2,3.8,1.71,23.08,92.52,4,7.57,7.67,32.8,83.55,5.17,3513640421,93,39,54
United States,2015,0.43272727272727274,2.71,1.95,9392.07,16.52,58427.55,18739994325953.2,13.55,0.24,19.35,83.75,78.69,5.8,2.78,21.38,74.55,9.44,13.78,5.38,41.2,83.59,9.89,9364521715,83,33,50
United States,2016,0.6054945054945055,1.67,0.93,9775,16.84,58972.9,19052478498375.3,13.15,0.3,19.17,83.75,78.54,5.7,2.85,22.41,85.54,9.65,14.06,5.5,41.1,83.59,9.62,5880240143,83,33,50
United States,2017,-0.027659574468085122,2.24,1.6,10103.09,16.81,59914.78,19479620055999.9,13.86,0.44,19.35,83.75,78.54,5.7,2.9,19.26,87.27,9.48,14.28,5.69,41.2,83.59,9.36,15842319524,83,33,50
United States,2018,0.18484848484848485,2.95,2.4,10515.32,16.69,61355.65,20053369830317.9,13.15,0.67,23.5,91.25,78.64,5.6,3,18.47,88.5,8.9,13.6,5.69,41.4,83.57,9.35,-42552872,83,33,50
United States,2019,0.03185840707964602,2.29,1.83,10921.01,16.77,62478.25,20513482184099.1,13.38,0.57,23.43,91.25,78.79,5.5,3.17,18.67,89.43,8.74,12.93,6.25,41.5,84,9.6,3513640421,83,33,50
Uzbekistan,2015,2.0785714285714283,7.22,5.36,320.15,4.99,6401.12,200347863521.28,22.37,7.72,16,64.38,70.48,17.1,0.16,1.54,42.8,0.11,3.02,8.74,35,61.68,10.42,-283319904,12,2,10
Uzbekistan,2016,2.178048780487805,5.93,4.11,324.62,4.97,6663.95,212232800909.81,23.09,7.15,16,64.38,70.76,16.1,0.17,1.54,46.79,0.11,2.6,7.74,27.2,62.09,10.44,-360645533,12,2,10
Uzbekistan,2017,-2.011267605633803,4.4,2.65,335.39,5.08,6840.71,221561015372.15,22.52,13.4,16,64.38,71.01,15.2,0.15,1.54,48.7,0.11,2.6,6.69,27.5,66.61,10.59,-140757452,12,2,10
Uzbekistan,2018,2.3137931034482757,5.35,3.54,372.38,5.3,7082.93,233425600850.83,21.82,20.53,16,64.38,71.15,14.4,0.12,0.45,55.2,0.11,2.05,5.69,27.8,67.75,10.98,-309258532,12,2,10
Uzbekistan,2019,2.78,5.71,3.74,418.01,5.62,7348.15,246753344170.94,25.59,13.16,16,67.5,71.34,13.8,0.11,0.72,70.4,0.12,3.02,5.34,48.2,69.88,10.47,-491267936,12,2,10
Vietnam,2015,2.4416851441241683,6.99,5.88,344.96,4.57,8091.09,745928907792.47,17.12,4.23,24.3,76.25,73.88,17.5,0.44,36.37,45,29.37,21.13,14.78,36,62.6,7.89,25682521068,19,4,15
Vietnam,2016,2.5781512605042014,6.69,5.62,371.98,4.52,8545.7,795831620448.52,15.6,3.37,26.72,78.75,73.94,17.3,0.53,38.06,53,31.24,22.59,0.82,35.3,65.29,8.77,29761020821,19,4,15
Vietnam,2017,2.715536723163842,6.94,5.91,423.98,4.71,9050.69,851063829337.7,15.09,4.05,26.72,78.75,73.96,17.1,0.53,41.74,58.14,33.45,25.01,8.61,35.7,66.98,8.38,32206775336,19,4,15
Vietnam,2018,1.8217557251908396,7.46,6.47,493.99,5.03,9636.01,914595669793.04,16.09,4.41,26.72,78.75,73.98,17,0.53,40.75,69.85,33.76,23.81,7.04,35.7,68.57,8.82,34791077988,19,4,15
Vietnam,2019,2.4293051359516613,7.36,6.39,558.87,5.25,10252,981903335145.62,14.03,3.39,26.72,78.75,74.09,16.8,0.53,40.43,68.66,35.01,25.65,7.74,35.3,69.77,8.38,46898768284,19,4,15
Zimbabwe,2015,0.14199999999999996,2.02,-0.13,199.68,7.45,2313.88,32752805149.4,29.47,4.57,31.48,86.88,59.59,42.1,0.12,3.28,22.74,0.09,4.84,0.68,44.3,47.8,229.85,-144362608,28,11,17
Zimbabwe,2016,1.2,0.9,-1.18,215.4,7.68,2286.62,33047893314.84,23.53,4.47,31.48,86.88,60.31,40.6,0.27,5.16,23.12,0.08,3.65,0.7,44.3,47.79,184.08,-136741763,28,11,17
Zimbabwe,2017,-1.8711111111111112,4.08,1.97,226.21,7.47,2331.78,34396334576.58,20.87,6.04,32.58,86.88,60.71,39.5,0.14,2.59,24.4,0.04,4.64,2.91,44.3,48.59,138.56,-149058818,28,11,17
Zimbabwe,2018,1.709375,5.01,2.91,269.2,8.68,2399.62,36119545117.2,19.04,6.09,31.48,86.88,61.41,38,0.12,2.06,25,0.02,2.75,1.89,44.3,50.51,140.18,-141744369,28,11,17
Zimbabwe,2019,1.0035714285714286,-6.33,-8.18,208.41,7.7,2203.4,33832294280.19,20.87,5.33,31.85,86.88,61.29,37.1,0.14,4.95,25.1,0.03,2.26,4.88,50.3,54.47,176.15,-147140438,28,11,17
